table,commodity,category,acres
lsb_class,P,A,34.4
lsb_class,P,B,8411.9
lsb_class,P,C,948.0
lsb_class,P,D,852.5
lsb_class,P,E,824.7
lsb_class,S,A,13521.2
lsb_class,S,B,9250.4
lsb_class,S,C,3821.2
lsb_class,S,D,744.5
lsb_class,S,E,1512.6
lsb_class,S+P,A,13555.6
lsb_class,S+P,B,17662.3
lsb_class,S+P,C,4769.1
lsb_class,S+P,D,1597.0
lsb_class,S+P,E,2337.3
lsb_class,P,unrated,1935.7
lsb_class,S,unrated,8839.5
lsb_class,S+P,unrated,10775.2
state_district,P,A,10620.0
state_district,P,C,11.1
state_district,P,U,2376.1
state_district,S,A,25906.7
state_district,S,C,75.7
state_district,S,U,11706.9
state_district,S+P,A,36526.6
state_district,S+P,C,86.9
state_district,S+P,U,14083.0
county_zone_group,P,AG,10718.8
county_zone_group,P,other,2288.3
county_zone_group,S,AG,26583.5
county_zone_group,S,Country,6.1
county_zone_group,S,other,11084.0
county_zone_group,S+P,AG,37302.3
county_zone_group,S+P,Country,6.1
county_zone_group,S+P,other,13372.4
county_zone_class,P,A-1,296.5
county_zone_class,P,A-2,421.8
county_zone_class,P,AG-1,10716.5
county_zone_class,P,AG-2,2.3
county_zone_class,P,B-1,15.8
county_zone_class,P,B-2,53.9
county_zone_class,P,BMX-3,137.1
county_zone_class,P,F-1,32.3
county_zone_class,P,IMX-1,120.1
county_zone_class,P,P-1,14.7
county_zone_class,P,P-2,172.4
county_zone_class,P,R-5,1022.9
county_zone_class,P,R-7.5,0.8
county_zone_class,S,A-1,1173.1
county_zone_class,S,A-2,605.3
county_zone_class,S,AG-1,25575.2
county_zone_class,S,AG-2,1008.3
county_zone_class,S,AMX-1,15.3
county_zone_class,S,AMX-2,351.0
county_zone_class,S,B-1,73.6
county_zone_class,S,B-2,504.0
county_zone_class,S,BMX-3,802.4
county_zone_class,S,C,6.1
county_zone_class,S,F-1,1205.7
county_zone_class,S,I-1,104.4
county_zone_class,S,I-2,444.0
county_zone_class,S,I-3,0.0
county_zone_class,S,IMX-1,188.0
county_zone_class,S,P-1,128.4
county_zone_class,S,P-2,2118.1
county_zone_class,S,R-10,0.9
county_zone_class,S,R-3.5,828.2
county_zone_class,S,R-5,2449.1
county_zone_class,S,R-7.5,1.0
county_zone_class,S,Resort,91.5
county_zone_class,S+P,A-1,1469.6
county_zone_class,S+P,A-2,1027.1
county_zone_class,S+P,AG-1,36291.7
county_zone_class,S+P,AG-2,1010.6
county_zone_class,S+P,AMX-1,15.3
county_zone_class,S+P,AMX-2,351.0
county_zone_class,S+P,B-1,89.4
county_zone_class,S+P,B-2,557.9
county_zone_class,S+P,BMX-3,939.5
county_zone_class,S+P,C,6.1
county_zone_class,S+P,F-1,1238.0
county_zone_class,S+P,I-1,104.4
county_zone_class,S+P,I-2,444.0
county_zone_class,S+P,I-3,0.0
county_zone_class,S+P,IMX-1,308.1
county_zone_class,S+P,P-1,143.1
county_zone_class,S+P,P-2,2290.5
county_zone_class,S+P,R-10,0.9
county_zone_class,S+P,R-3.5,828.2
county_zone_class,S+P,R-5,3472.0
county_zone_class,S+P,R-7.5,1.8
county_zone_class,S+P,Resort,91.5
lsb_x_district,P,A_A,34.4
lsb_x_district,P,B_A,7990.6
lsb_x_district,P,B_C,3.1
lsb_x_district,P,B_U,418.2
lsb_x_district,P,C_A,937.9
lsb_x_district,P,C_U,10.0
lsb_x_district,P,D_A,786.3
lsb_x_district,P,D_C,0.1
lsb_x_district,P,D_U,66.1
lsb_x_district,P,E_A,812.1
lsb_x_district,P,E_C,0.5
lsb_x_district,P,E_U,12.1
lsb_x_district,S,A_A,12646.0
lsb_x_district,S,A_C,5.5
lsb_x_district,S,A_U,869.7
lsb_x_district,S,B_A,7369.4
lsb_x_district,S,B_C,3.6
lsb_x_district,S,B_U,1877.4
lsb_x_district,S,C_A,3376.6
lsb_x_district,S,C_C,25.0
lsb_x_district,S,C_U,419.6
lsb_x_district,S,D_A,703.9
lsb_x_district,S,D_C,23.0
lsb_x_district,S,D_U,17.6
lsb_x_district,S,E_A,1386.8
lsb_x_district,S,E_C,18.6
lsb_x_district,S,E_U,107.3
lsb_x_district,S+P,A_A,12680.4
lsb_x_district,S+P,A_C,5.5
lsb_x_district,S+P,A_U,869.7
lsb_x_district,S+P,B_A,15360.0
lsb_x_district,S+P,B_C,6.7
lsb_x_district,S+P,B_U,2295.6
lsb_x_district,S+P,C_A,4314.5
lsb_x_district,S+P,C_C,25.0
lsb_x_district,S+P,C_U,429.7
lsb_x_district,S+P,D_A,1490.3
lsb_x_district,S+P,D_C,23.0
lsb_x_district,S+P,D_U,83.7
lsb_x_district,S+P,E_A,2198.8
lsb_x_district,S+P,E_C,19.1
lsb_x_district,S+P,E_U,119.4
