screenline,f_share,solar_gw_total,storage_ratio,peak_load_gw,south_share,south_firm_mw,t_evening_mw,t_midday_mw,required_mw,required_n1_mw,cap_low_mva,cap_central_mva,cap_high_mva,gap_n0_vs_central_mw,gap_n1_vs_central_mw,gap_n0_vs_low_mw,gap_n1_vs_low_mw
SL-A,1.0,1.0,0.5,1.2,0.7,0.0,500,194,500,750,300.0,1600.0,2000.0,-1100,-850,200,450
SL-A,1.0,1.0,0.5,1.2,0.7,400.0,440,194,440,690,300.0,1600.0,2000.0,-1160,-910,140,390
SL-A,1.0,1.0,0.5,1.2,0.775,0.0,500,270,500,750,300.0,1600.0,2000.0,-1100,-850,200,450
SL-A,1.0,1.0,0.5,1.2,0.775,400.0,500,270,500,750,300.0,1600.0,2000.0,-1100,-850,200,450
SL-A,1.0,1.0,0.5,1.2,0.85,0.0,500,347,500,750,300.0,1600.0,2000.0,-1100,-850,200,450
SL-A,1.0,1.0,0.5,1.2,0.85,400.0,500,347,500,750,300.0,1600.0,2000.0,-1100,-850,200,450
SL-A,1.0,1.0,0.5,1.75,0.7,0.0,500,54,500,750,300.0,1600.0,2000.0,-1100,-850,200,450
SL-A,1.0,1.0,0.5,1.75,0.7,400.0,500,54,500,750,300.0,1600.0,2000.0,-1100,-850,200,450
SL-A,1.0,1.0,0.5,1.75,0.775,0.0,500,165,500,750,300.0,1600.0,2000.0,-1100,-850,200,450
SL-A,1.0,1.0,0.5,1.75,0.775,400.0,500,165,500,750,300.0,1600.0,2000.0,-1100,-850,200,450
SL-A,1.0,1.0,0.5,1.75,0.85,0.0,500,277,500,750,300.0,1600.0,2000.0,-1100,-850,200,450
SL-A,1.0,1.0,0.5,1.75,0.85,400.0,500,277,500,750,300.0,1600.0,2000.0,-1100,-850,200,450
SL-A,1.0,1.0,0.5,2.0,0.7,0.0,500,0,500,750,300.0,1600.0,2000.0,-1100,-850,200,450
SL-A,1.0,1.0,0.5,2.0,0.7,400.0,500,0,500,750,300.0,1600.0,2000.0,-1100,-850,200,450
SL-A,1.0,1.0,0.5,2.0,0.775,0.0,500,118,500,750,300.0,1600.0,2000.0,-1100,-850,200,450
SL-A,1.0,1.0,0.5,2.0,0.775,400.0,500,118,500,750,300.0,1600.0,2000.0,-1100,-850,200,450
SL-A,1.0,1.0,0.5,2.0,0.85,0.0,500,245,500,750,300.0,1600.0,2000.0,-1100,-850,200,450
SL-A,1.0,1.0,0.5,2.0,0.85,400.0,500,245,500,750,300.0,1600.0,2000.0,-1100,-850,200,450
SL-A,1.0,1.0,0.75,1.2,0.7,0.0,750,0,750,1000,300.0,1600.0,2000.0,-850,-600,450,700
SL-A,1.0,1.0,0.75,1.2,0.7,400.0,440,0,440,690,300.0,1600.0,2000.0,-1160,-910,140,390
SL-A,1.0,1.0,0.75,1.2,0.775,0.0,750,21,750,1000,300.0,1600.0,2000.0,-850,-600,450,700
SL-A,1.0,1.0,0.75,1.2,0.775,400.0,530,21,530,780,300.0,1600.0,2000.0,-1070,-820,230,480
SL-A,1.0,1.0,0.75,1.2,0.85,0.0,750,97,750,1000,300.0,1600.0,2000.0,-850,-600,450,700
SL-A,1.0,1.0,0.75,1.2,0.85,400.0,620,97,620,870,300.0,1600.0,2000.0,-980,-730,320,570
SL-A,1.0,1.0,0.75,1.75,0.7,0.0,750,0,750,1000,300.0,1600.0,2000.0,-850,-600,450,700
SL-A,1.0,1.0,0.75,1.75,0.7,400.0,750,0,750,1000,300.0,1600.0,2000.0,-850,-600,450,700
SL-A,1.0,1.0,0.75,1.75,0.775,0.0,750,0,750,1000,300.0,1600.0,2000.0,-850,-600,450,700
SL-A,1.0,1.0,0.75,1.75,0.775,400.0,750,0,750,1000,300.0,1600.0,2000.0,-850,-600,450,700
SL-A,1.0,1.0,0.75,1.75,0.85,0.0,750,27,750,1000,300.0,1600.0,2000.0,-850,-600,450,700
SL-A,1.0,1.0,0.75,1.75,0.85,400.0,750,27,750,1000,300.0,1600.0,2000.0,-850,-600,450,700
SL-A,1.0,1.0,0.75,2.0,0.7,0.0,750,0,750,1000,300.0,1600.0,2000.0,-850,-600,450,700
SL-A,1.0,1.0,0.75,2.0,0.7,400.0,750,0,750,1000,300.0,1600.0,2000.0,-850,-600,450,700
SL-A,1.0,1.0,0.75,2.0,0.775,0.0,750,0,750,1000,300.0,1600.0,2000.0,-850,-600,450,700
SL-A,1.0,1.0,0.75,2.0,0.775,400.0,750,0,750,1000,300.0,1600.0,2000.0,-850,-600,450,700
SL-A,1.0,1.0,0.75,2.0,0.85,0.0,750,0,750,1000,300.0,1600.0,2000.0,-850,-600,450,700
SL-A,1.0,1.0,0.75,2.0,0.85,400.0,750,0,750,1000,300.0,1600.0,2000.0,-850,-600,450,700
SL-A,1.0,1.0,1.0,1.2,0.7,0.0,840,0,840,1090,300.0,1600.0,2000.0,-760,-510,540,790
SL-A,1.0,1.0,1.0,1.2,0.7,400.0,440,0,440,690,300.0,1600.0,2000.0,-1160,-910,140,390
SL-A,1.0,1.0,1.0,1.2,0.775,0.0,930,0,930,1180,300.0,1600.0,2000.0,-670,-420,630,880
SL-A,1.0,1.0,1.0,1.2,0.775,400.0,530,0,530,780,300.0,1600.0,2000.0,-1070,-820,230,480
SL-A,1.0,1.0,1.0,1.2,0.85,0.0,1000,0,1000,1250,300.0,1600.0,2000.0,-600,-350,700,950
SL-A,1.0,1.0,1.0,1.2,0.85,400.0,620,0,620,870,300.0,1600.0,2000.0,-980,-730,320,570
SL-A,1.0,1.0,1.0,1.75,0.7,0.0,1000,0,1000,1250,300.0,1600.0,2000.0,-600,-350,700,950
SL-A,1.0,1.0,1.0,1.75,0.7,400.0,825,0,825,1075,300.0,1600.0,2000.0,-775,-525,525,775
SL-A,1.0,1.0,1.0,1.75,0.775,0.0,1000,0,1000,1250,300.0,1600.0,2000.0,-600,-350,700,950
SL-A,1.0,1.0,1.0,1.75,0.775,400.0,956,0,956,1206,300.0,1600.0,2000.0,-644,-394,656,906
SL-A,1.0,1.0,1.0,1.75,0.85,0.0,1000,0,1000,1250,300.0,1600.0,2000.0,-600,-350,700,950
SL-A,1.0,1.0,1.0,1.75,0.85,400.0,1000,0,1000,1250,300.0,1600.0,2000.0,-600,-350,700,950
SL-A,1.0,1.0,1.0,2.0,0.7,0.0,1000,0,1000,1250,300.0,1600.0,2000.0,-600,-350,700,950
SL-A,1.0,1.0,1.0,2.0,0.7,400.0,1000,0,1000,1250,300.0,1600.0,2000.0,-600,-350,700,950
SL-A,1.0,1.0,1.0,2.0,0.775,0.0,1000,0,1000,1250,300.0,1600.0,2000.0,-600,-350,700,950
SL-A,1.0,1.0,1.0,2.0,0.775,400.0,1000,0,1000,1250,300.0,1600.0,2000.0,-600,-350,700,950
SL-A,1.0,1.0,1.0,2.0,0.85,0.0,1000,0,1000,1250,300.0,1600.0,2000.0,-600,-350,700,950
SL-A,1.0,1.0,1.0,2.0,0.85,400.0,1000,0,1000,1250,300.0,1600.0,2000.0,-600,-350,700,950
SL-A,1.0,2.0,0.5,1.2,0.7,0.0,840,694,840,1090,300.0,1600.0,2000.0,-760,-510,540,790
SL-A,1.0,2.0,0.5,1.2,0.7,400.0,440,694,694,944,300.0,1600.0,2000.0,-906,-656,394,644
SL-A,1.0,2.0,0.5,1.2,0.775,0.0,930,770,930,1180,300.0,1600.0,2000.0,-670,-420,630,880
SL-A,1.0,2.0,0.5,1.2,0.775,400.0,530,770,770,1020,300.0,1600.0,2000.0,-830,-580,470,720
SL-A,1.0,2.0,0.5,1.2,0.85,0.0,1000,847,1000,1250,300.0,1600.0,2000.0,-600,-350,700,950
SL-A,1.0,2.0,0.5,1.2,0.85,400.0,620,847,847,1097,300.0,1600.0,2000.0,-753,-503,547,797
SL-A,1.0,2.0,0.5,1.75,0.7,0.0,1000,554,1000,1250,300.0,1600.0,2000.0,-600,-350,700,950
SL-A,1.0,2.0,0.5,1.75,0.7,400.0,825,554,825,1075,300.0,1600.0,2000.0,-775,-525,525,775
SL-A,1.0,2.0,0.5,1.75,0.775,0.0,1000,665,1000,1250,300.0,1600.0,2000.0,-600,-350,700,950
SL-A,1.0,2.0,0.5,1.75,0.775,400.0,956,665,956,1206,300.0,1600.0,2000.0,-644,-394,656,906
SL-A,1.0,2.0,0.5,1.75,0.85,0.0,1000,777,1000,1250,300.0,1600.0,2000.0,-600,-350,700,950
SL-A,1.0,2.0,0.5,1.75,0.85,400.0,1000,777,1000,1250,300.0,1600.0,2000.0,-600,-350,700,950
SL-A,1.0,2.0,0.5,2.0,0.7,0.0,1000,490,1000,1250,300.0,1600.0,2000.0,-600,-350,700,950
SL-A,1.0,2.0,0.5,2.0,0.7,400.0,1000,490,1000,1250,300.0,1600.0,2000.0,-600,-350,700,950
SL-A,1.0,2.0,0.5,2.0,0.775,0.0,1000,618,1000,1250,300.0,1600.0,2000.0,-600,-350,700,950
SL-A,1.0,2.0,0.5,2.0,0.775,400.0,1000,618,1000,1250,300.0,1600.0,2000.0,-600,-350,700,950
SL-A,1.0,2.0,0.5,2.0,0.85,0.0,1000,745,1000,1250,300.0,1600.0,2000.0,-600,-350,700,950
SL-A,1.0,2.0,0.5,2.0,0.85,400.0,1000,745,1000,1250,300.0,1600.0,2000.0,-600,-350,700,950
SL-A,1.0,2.0,0.75,1.2,0.7,0.0,840,194,840,1090,300.0,1600.0,2000.0,-760,-510,540,790
SL-A,1.0,2.0,0.75,1.2,0.7,400.0,440,194,440,690,300.0,1600.0,2000.0,-1160,-910,140,390
SL-A,1.0,2.0,0.75,1.2,0.775,0.0,930,270,930,1180,300.0,1600.0,2000.0,-670,-420,630,880
SL-A,1.0,2.0,0.75,1.2,0.775,400.0,530,270,530,780,300.0,1600.0,2000.0,-1070,-820,230,480
SL-A,1.0,2.0,0.75,1.2,0.85,0.0,1020,347,1020,1270,300.0,1600.0,2000.0,-580,-330,720,970
SL-A,1.0,2.0,0.75,1.2,0.85,400.0,620,347,620,870,300.0,1600.0,2000.0,-980,-730,320,570
SL-A,1.0,2.0,0.75,1.75,0.7,0.0,1225,54,1225,1475,300.0,1600.0,2000.0,-375,-125,925,1175
SL-A,1.0,2.0,0.75,1.75,0.7,400.0,825,54,825,1075,300.0,1600.0,2000.0,-775,-525,525,775
SL-A,1.0,2.0,0.75,1.75,0.775,0.0,1356,165,1356,1606,300.0,1600.0,2000.0,-244,6,1056,1306
SL-A,1.0,2.0,0.75,1.75,0.775,400.0,956,165,956,1206,300.0,1600.0,2000.0,-644,-394,656,906
SL-A,1.0,2.0,0.75,1.75,0.85,0.0,1488,277,1488,1738,300.0,1600.0,2000.0,-112,138,1188,1438
SL-A,1.0,2.0,0.75,1.75,0.85,400.0,1088,277,1088,1338,300.0,1600.0,2000.0,-512,-262,788,1038
SL-A,1.0,2.0,0.75,2.0,0.7,0.0,1400,0,1400,1650,300.0,1600.0,2000.0,-200,50,1100,1350
SL-A,1.0,2.0,0.75,2.0,0.7,400.0,1000,0,1000,1250,300.0,1600.0,2000.0,-600,-350,700,950
SL-A,1.0,2.0,0.75,2.0,0.775,0.0,1500,118,1500,1750,300.0,1600.0,2000.0,-100,150,1200,1450
SL-A,1.0,2.0,0.75,2.0,0.775,400.0,1150,118,1150,1400,300.0,1600.0,2000.0,-450,-200,850,1100
SL-A,1.0,2.0,0.75,2.0,0.85,0.0,1500,245,1500,1750,300.0,1600.0,2000.0,-100,150,1200,1450
SL-A,1.0,2.0,0.75,2.0,0.85,400.0,1300,245,1300,1550,300.0,1600.0,2000.0,-300,-50,1000,1250
SL-A,1.0,2.0,1.0,1.2,0.7,0.0,840,0,840,1090,300.0,1600.0,2000.0,-760,-510,540,790
SL-A,1.0,2.0,1.0,1.2,0.7,400.0,440,0,440,690,300.0,1600.0,2000.0,-1160,-910,140,390
SL-A,1.0,2.0,1.0,1.2,0.775,0.0,930,0,930,1180,300.0,1600.0,2000.0,-670,-420,630,880
SL-A,1.0,2.0,1.0,1.2,0.775,400.0,530,0,530,780,300.0,1600.0,2000.0,-1070,-820,230,480
SL-A,1.0,2.0,1.0,1.2,0.85,0.0,1020,0,1020,1270,300.0,1600.0,2000.0,-580,-330,720,970
SL-A,1.0,2.0,1.0,1.2,0.85,400.0,620,0,620,870,300.0,1600.0,2000.0,-980,-730,320,570
SL-A,1.0,2.0,1.0,1.75,0.7,0.0,1225,0,1225,1475,300.0,1600.0,2000.0,-375,-125,925,1175
SL-A,1.0,2.0,1.0,1.75,0.7,400.0,825,0,825,1075,300.0,1600.0,2000.0,-775,-525,525,775
SL-A,1.0,2.0,1.0,1.75,0.775,0.0,1356,0,1356,1606,300.0,1600.0,2000.0,-244,6,1056,1306
SL-A,1.0,2.0,1.0,1.75,0.775,400.0,956,0,956,1206,300.0,1600.0,2000.0,-644,-394,656,906
SL-A,1.0,2.0,1.0,1.75,0.85,0.0,1488,0,1488,1738,300.0,1600.0,2000.0,-112,138,1188,1438
SL-A,1.0,2.0,1.0,1.75,0.85,400.0,1088,0,1088,1338,300.0,1600.0,2000.0,-512,-262,788,1038
SL-A,1.0,2.0,1.0,2.0,0.7,0.0,1400,0,1400,1650,300.0,1600.0,2000.0,-200,50,1100,1350
SL-A,1.0,2.0,1.0,2.0,0.7,400.0,1000,0,1000,1250,300.0,1600.0,2000.0,-600,-350,700,950
SL-A,1.0,2.0,1.0,2.0,0.775,0.0,1550,0,1550,1800,300.0,1600.0,2000.0,-50,200,1250,1500
SL-A,1.0,2.0,1.0,2.0,0.775,400.0,1150,0,1150,1400,300.0,1600.0,2000.0,-450,-200,850,1100
SL-A,1.0,2.0,1.0,2.0,0.85,0.0,1700,0,1700,1950,300.0,1600.0,2000.0,100,350,1400,1650
SL-A,1.0,2.0,1.0,2.0,0.85,400.0,1300,0,1300,1550,300.0,1600.0,2000.0,-300,-50,1000,1250
SL-A,1.0,3.0,0.5,1.2,0.7,0.0,840,714,840,1090,300.0,1600.0,2000.0,-760,-510,540,790
SL-A,1.0,3.0,0.5,1.2,0.7,400.0,440,714,714,964,300.0,1600.0,2000.0,-886,-636,414,664
SL-A,1.0,3.0,0.5,1.2,0.775,0.0,930,790,930,1180,300.0,1600.0,2000.0,-670,-420,630,880
SL-A,1.0,3.0,0.5,1.2,0.775,400.0,530,790,790,1040,300.0,1600.0,2000.0,-810,-560,490,740
SL-A,1.0,3.0,0.5,1.2,0.85,0.0,1020,867,1020,1270,300.0,1600.0,2000.0,-580,-330,720,970
SL-A,1.0,3.0,0.5,1.2,0.85,400.0,620,867,867,1117,300.0,1600.0,2000.0,-733,-483,567,817
SL-A,1.0,3.0,0.5,1.75,0.7,0.0,1225,1041,1225,1475,300.0,1600.0,2000.0,-375,-125,925,1175
SL-A,1.0,3.0,0.5,1.75,0.7,400.0,825,1041,1041,1291,300.0,1600.0,2000.0,-559,-309,741,991
SL-A,1.0,3.0,0.5,1.75,0.775,0.0,1356,1153,1356,1606,300.0,1600.0,2000.0,-244,6,1056,1306
SL-A,1.0,3.0,0.5,1.75,0.775,400.0,956,1153,1153,1403,300.0,1600.0,2000.0,-447,-197,853,1103
SL-A,1.0,3.0,0.5,1.75,0.85,0.0,1488,1264,1488,1738,300.0,1600.0,2000.0,-112,138,1188,1438
SL-A,1.0,3.0,0.5,1.75,0.85,400.0,1088,1264,1264,1514,300.0,1600.0,2000.0,-336,-86,964,1214
SL-A,1.0,3.0,0.5,2.0,0.7,0.0,1400,990,1400,1650,300.0,1600.0,2000.0,-200,50,1100,1350
SL-A,1.0,3.0,0.5,2.0,0.7,400.0,1000,990,1000,1250,300.0,1600.0,2000.0,-600,-350,700,950
SL-A,1.0,3.0,0.5,2.0,0.775,0.0,1500,1118,1500,1750,300.0,1600.0,2000.0,-100,150,1200,1450
SL-A,1.0,3.0,0.5,2.0,0.775,400.0,1150,1118,1150,1400,300.0,1600.0,2000.0,-450,-200,850,1100
SL-A,1.0,3.0,0.5,2.0,0.85,0.0,1500,1245,1500,1750,300.0,1600.0,2000.0,-100,150,1200,1450
SL-A,1.0,3.0,0.5,2.0,0.85,400.0,1300,1245,1300,1550,300.0,1600.0,2000.0,-300,-50,1000,1250
SL-A,1.0,3.0,0.75,1.2,0.7,0.0,840,444,840,1090,300.0,1600.0,2000.0,-760,-510,540,790
SL-A,1.0,3.0,0.75,1.2,0.7,400.0,440,444,444,694,300.0,1600.0,2000.0,-1156,-906,144,394
SL-A,1.0,3.0,0.75,1.2,0.775,0.0,930,520,930,1180,300.0,1600.0,2000.0,-670,-420,630,880
SL-A,1.0,3.0,0.75,1.2,0.775,400.0,530,520,530,780,300.0,1600.0,2000.0,-1070,-820,230,480
SL-A,1.0,3.0,0.75,1.2,0.85,0.0,1020,597,1020,1270,300.0,1600.0,2000.0,-580,-330,720,970
SL-A,1.0,3.0,0.75,1.2,0.85,400.0,620,597,620,870,300.0,1600.0,2000.0,-980,-730,320,570
SL-A,1.0,3.0,0.75,1.75,0.7,0.0,1225,304,1225,1475,300.0,1600.0,2000.0,-375,-125,925,1175
SL-A,1.0,3.0,0.75,1.75,0.7,400.0,825,304,825,1075,300.0,1600.0,2000.0,-775,-525,525,775
SL-A,1.0,3.0,0.75,1.75,0.775,0.0,1356,415,1356,1606,300.0,1600.0,2000.0,-244,6,1056,1306
SL-A,1.0,3.0,0.75,1.75,0.775,400.0,956,415,956,1206,300.0,1600.0,2000.0,-644,-394,656,906
SL-A,1.0,3.0,0.75,1.75,0.85,0.0,1488,527,1488,1738,300.0,1600.0,2000.0,-112,138,1188,1438
SL-A,1.0,3.0,0.75,1.75,0.85,400.0,1088,527,1088,1338,300.0,1600.0,2000.0,-512,-262,788,1038
SL-A,1.0,3.0,0.75,2.0,0.7,0.0,1400,240,1400,1650,300.0,1600.0,2000.0,-200,50,1100,1350
SL-A,1.0,3.0,0.75,2.0,0.7,400.0,1000,240,1000,1250,300.0,1600.0,2000.0,-600,-350,700,950
SL-A,1.0,3.0,0.75,2.0,0.775,0.0,1550,368,1550,1800,300.0,1600.0,2000.0,-50,200,1250,1500
SL-A,1.0,3.0,0.75,2.0,0.775,400.0,1150,368,1150,1400,300.0,1600.0,2000.0,-450,-200,850,1100
SL-A,1.0,3.0,0.75,2.0,0.85,0.0,1700,495,1700,1950,300.0,1600.0,2000.0,100,350,1400,1650
SL-A,1.0,3.0,0.75,2.0,0.85,400.0,1300,495,1300,1550,300.0,1600.0,2000.0,-300,-50,1000,1250
SL-A,1.0,3.0,1.0,1.2,0.7,0.0,840,0,840,1090,300.0,1600.0,2000.0,-760,-510,540,790
SL-A,1.0,3.0,1.0,1.2,0.7,400.0,440,0,440,690,300.0,1600.0,2000.0,-1160,-910,140,390
SL-A,1.0,3.0,1.0,1.2,0.775,0.0,930,0,930,1180,300.0,1600.0,2000.0,-670,-420,630,880
SL-A,1.0,3.0,1.0,1.2,0.775,400.0,530,0,530,780,300.0,1600.0,2000.0,-1070,-820,230,480
SL-A,1.0,3.0,1.0,1.2,0.85,0.0,1020,0,1020,1270,300.0,1600.0,2000.0,-580,-330,720,970
SL-A,1.0,3.0,1.0,1.2,0.85,400.0,620,0,620,870,300.0,1600.0,2000.0,-980,-730,320,570
SL-A,1.0,3.0,1.0,1.75,0.7,0.0,1225,0,1225,1475,300.0,1600.0,2000.0,-375,-125,925,1175
SL-A,1.0,3.0,1.0,1.75,0.7,400.0,825,0,825,1075,300.0,1600.0,2000.0,-775,-525,525,775
SL-A,1.0,3.0,1.0,1.75,0.775,0.0,1356,0,1356,1606,300.0,1600.0,2000.0,-244,6,1056,1306
SL-A,1.0,3.0,1.0,1.75,0.775,400.0,956,0,956,1206,300.0,1600.0,2000.0,-644,-394,656,906
SL-A,1.0,3.0,1.0,1.75,0.85,0.0,1488,0,1488,1738,300.0,1600.0,2000.0,-112,138,1188,1438
SL-A,1.0,3.0,1.0,1.75,0.85,400.0,1088,0,1088,1338,300.0,1600.0,2000.0,-512,-262,788,1038
SL-A,1.0,3.0,1.0,2.0,0.7,0.0,1400,0,1400,1650,300.0,1600.0,2000.0,-200,50,1100,1350
SL-A,1.0,3.0,1.0,2.0,0.7,400.0,1000,0,1000,1250,300.0,1600.0,2000.0,-600,-350,700,950
SL-A,1.0,3.0,1.0,2.0,0.775,0.0,1550,0,1550,1800,300.0,1600.0,2000.0,-50,200,1250,1500
SL-A,1.0,3.0,1.0,2.0,0.775,400.0,1150,0,1150,1400,300.0,1600.0,2000.0,-450,-200,850,1100
SL-A,1.0,3.0,1.0,2.0,0.85,0.0,1700,0,1700,1950,300.0,1600.0,2000.0,100,350,1400,1650
SL-A,1.0,3.0,1.0,2.0,0.85,400.0,1300,0,1300,1550,300.0,1600.0,2000.0,-300,-50,1000,1250
SL-A,1.0,4.0,0.5,1.2,0.7,0.0,840,714,840,1090,300.0,1600.0,2000.0,-760,-510,540,790
SL-A,1.0,4.0,0.5,1.2,0.7,400.0,440,714,714,964,300.0,1600.0,2000.0,-886,-636,414,664
SL-A,1.0,4.0,0.5,1.2,0.775,0.0,930,790,930,1180,300.0,1600.0,2000.0,-670,-420,630,880
SL-A,1.0,4.0,0.5,1.2,0.775,400.0,530,790,790,1040,300.0,1600.0,2000.0,-810,-560,490,740
SL-A,1.0,4.0,0.5,1.2,0.85,0.0,1020,867,1020,1270,300.0,1600.0,2000.0,-580,-330,720,970
SL-A,1.0,4.0,0.5,1.2,0.85,400.0,620,867,867,1117,300.0,1600.0,2000.0,-733,-483,567,817
SL-A,1.0,4.0,0.5,1.75,0.7,0.0,1225,1041,1225,1475,300.0,1600.0,2000.0,-375,-125,925,1175
SL-A,1.0,4.0,0.5,1.75,0.7,400.0,825,1041,1041,1291,300.0,1600.0,2000.0,-559,-309,741,991
SL-A,1.0,4.0,0.5,1.75,0.775,0.0,1356,1153,1356,1606,300.0,1600.0,2000.0,-244,6,1056,1306
SL-A,1.0,4.0,0.5,1.75,0.775,400.0,956,1153,1153,1403,300.0,1600.0,2000.0,-447,-197,853,1103
SL-A,1.0,4.0,0.5,1.75,0.85,0.0,1488,1264,1488,1738,300.0,1600.0,2000.0,-112,138,1188,1438
SL-A,1.0,4.0,0.5,1.75,0.85,400.0,1088,1264,1264,1514,300.0,1600.0,2000.0,-336,-86,964,1214
SL-A,1.0,4.0,0.5,2.0,0.7,0.0,1400,1190,1400,1650,300.0,1600.0,2000.0,-200,50,1100,1350
SL-A,1.0,4.0,0.5,2.0,0.7,400.0,1000,1190,1190,1440,300.0,1600.0,2000.0,-410,-160,890,1140
SL-A,1.0,4.0,0.5,2.0,0.775,0.0,1550,1318,1550,1800,300.0,1600.0,2000.0,-50,200,1250,1500
SL-A,1.0,4.0,0.5,2.0,0.775,400.0,1150,1318,1318,1568,300.0,1600.0,2000.0,-282,-32,1018,1268
SL-A,1.0,4.0,0.5,2.0,0.85,0.0,1700,1445,1700,1950,300.0,1600.0,2000.0,100,350,1400,1650
SL-A,1.0,4.0,0.5,2.0,0.85,400.0,1300,1445,1445,1695,300.0,1600.0,2000.0,-155,95,1145,1395
SL-A,1.0,4.0,0.75,1.2,0.7,0.0,840,694,840,1090,300.0,1600.0,2000.0,-760,-510,540,790
SL-A,1.0,4.0,0.75,1.2,0.7,400.0,440,694,694,944,300.0,1600.0,2000.0,-906,-656,394,644
SL-A,1.0,4.0,0.75,1.2,0.775,0.0,930,770,930,1180,300.0,1600.0,2000.0,-670,-420,630,880
SL-A,1.0,4.0,0.75,1.2,0.775,400.0,530,770,770,1020,300.0,1600.0,2000.0,-830,-580,470,720
SL-A,1.0,4.0,0.75,1.2,0.85,0.0,1020,847,1020,1270,300.0,1600.0,2000.0,-580,-330,720,970
SL-A,1.0,4.0,0.75,1.2,0.85,400.0,620,847,847,1097,300.0,1600.0,2000.0,-753,-503,547,797
SL-A,1.0,4.0,0.75,1.75,0.7,0.0,1225,554,1225,1475,300.0,1600.0,2000.0,-375,-125,925,1175
SL-A,1.0,4.0,0.75,1.75,0.7,400.0,825,554,825,1075,300.0,1600.0,2000.0,-775,-525,525,775
SL-A,1.0,4.0,0.75,1.75,0.775,0.0,1356,665,1356,1606,300.0,1600.0,2000.0,-244,6,1056,1306
SL-A,1.0,4.0,0.75,1.75,0.775,400.0,956,665,956,1206,300.0,1600.0,2000.0,-644,-394,656,906
SL-A,1.0,4.0,0.75,1.75,0.85,0.0,1488,777,1488,1738,300.0,1600.0,2000.0,-112,138,1188,1438
SL-A,1.0,4.0,0.75,1.75,0.85,400.0,1088,777,1088,1338,300.0,1600.0,2000.0,-512,-262,788,1038
SL-A,1.0,4.0,0.75,2.0,0.7,0.0,1400,490,1400,1650,300.0,1600.0,2000.0,-200,50,1100,1350
SL-A,1.0,4.0,0.75,2.0,0.7,400.0,1000,490,1000,1250,300.0,1600.0,2000.0,-600,-350,700,950
SL-A,1.0,4.0,0.75,2.0,0.775,0.0,1550,618,1550,1800,300.0,1600.0,2000.0,-50,200,1250,1500
SL-A,1.0,4.0,0.75,2.0,0.775,400.0,1150,618,1150,1400,300.0,1600.0,2000.0,-450,-200,850,1100
SL-A,1.0,4.0,0.75,2.0,0.85,0.0,1700,745,1700,1950,300.0,1600.0,2000.0,100,350,1400,1650
SL-A,1.0,4.0,0.75,2.0,0.85,400.0,1300,745,1300,1550,300.0,1600.0,2000.0,-300,-50,1000,1250
SL-A,1.0,4.0,1.0,1.2,0.7,0.0,840,0,840,1090,300.0,1600.0,2000.0,-760,-510,540,790
SL-A,1.0,4.0,1.0,1.2,0.7,400.0,440,0,440,690,300.0,1600.0,2000.0,-1160,-910,140,390
SL-A,1.0,4.0,1.0,1.2,0.775,0.0,930,0,930,1180,300.0,1600.0,2000.0,-670,-420,630,880
SL-A,1.0,4.0,1.0,1.2,0.775,400.0,530,0,530,780,300.0,1600.0,2000.0,-1070,-820,230,480
SL-A,1.0,4.0,1.0,1.2,0.85,0.0,1020,0,1020,1270,300.0,1600.0,2000.0,-580,-330,720,970
SL-A,1.0,4.0,1.0,1.2,0.85,400.0,620,0,620,870,300.0,1600.0,2000.0,-980,-730,320,570
SL-A,1.0,4.0,1.0,1.75,0.7,0.0,1225,0,1225,1475,300.0,1600.0,2000.0,-375,-125,925,1175
SL-A,1.0,4.0,1.0,1.75,0.7,400.0,825,0,825,1075,300.0,1600.0,2000.0,-775,-525,525,775
SL-A,1.0,4.0,1.0,1.75,0.775,0.0,1356,0,1356,1606,300.0,1600.0,2000.0,-244,6,1056,1306
SL-A,1.0,4.0,1.0,1.75,0.775,400.0,956,0,956,1206,300.0,1600.0,2000.0,-644,-394,656,906
SL-A,1.0,4.0,1.0,1.75,0.85,0.0,1488,0,1488,1738,300.0,1600.0,2000.0,-112,138,1188,1438
SL-A,1.0,4.0,1.0,1.75,0.85,400.0,1088,0,1088,1338,300.0,1600.0,2000.0,-512,-262,788,1038
SL-A,1.0,4.0,1.0,2.0,0.7,0.0,1400,0,1400,1650,300.0,1600.0,2000.0,-200,50,1100,1350
SL-A,1.0,4.0,1.0,2.0,0.7,400.0,1000,0,1000,1250,300.0,1600.0,2000.0,-600,-350,700,950
SL-A,1.0,4.0,1.0,2.0,0.775,0.0,1550,0,1550,1800,300.0,1600.0,2000.0,-50,200,1250,1500
SL-A,1.0,4.0,1.0,2.0,0.775,400.0,1150,0,1150,1400,300.0,1600.0,2000.0,-450,-200,850,1100
SL-A,1.0,4.0,1.0,2.0,0.85,0.0,1700,0,1700,1950,300.0,1600.0,2000.0,100,350,1400,1650
SL-A,1.0,4.0,1.0,2.0,0.85,400.0,1300,0,1300,1550,300.0,1600.0,2000.0,-300,-50,1000,1250
SL-B,0.5,1.0,0.5,1.2,0.7,0.0,250,199,250,500,330.0,445.0,560.0,-195,55,-80,170
SL-B,0.5,1.0,0.5,1.2,0.7,400.0,250,199,250,500,330.0,445.0,560.0,-195,55,-80,170
SL-B,0.5,1.0,0.5,1.2,0.775,0.0,250,199,250,500,330.0,445.0,560.0,-195,55,-80,170
SL-B,0.5,1.0,0.5,1.2,0.775,400.0,250,199,250,500,330.0,445.0,560.0,-195,55,-80,170
SL-B,0.5,1.0,0.5,1.2,0.85,0.0,250,199,250,500,330.0,445.0,560.0,-195,55,-80,170
SL-B,0.5,1.0,0.5,1.2,0.85,400.0,250,199,250,500,330.0,445.0,560.0,-195,55,-80,170
SL-B,0.5,1.0,0.5,1.75,0.7,0.0,250,176,250,500,330.0,445.0,560.0,-195,55,-80,170
SL-B,0.5,1.0,0.5,1.75,0.7,400.0,250,176,250,500,330.0,445.0,560.0,-195,55,-80,170
SL-B,0.5,1.0,0.5,1.75,0.775,0.0,250,176,250,500,330.0,445.0,560.0,-195,55,-80,170
SL-B,0.5,1.0,0.5,1.75,0.775,400.0,250,176,250,500,330.0,445.0,560.0,-195,55,-80,170
SL-B,0.5,1.0,0.5,1.75,0.85,0.0,250,176,250,500,330.0,445.0,560.0,-195,55,-80,170
SL-B,0.5,1.0,0.5,1.75,0.85,400.0,250,176,250,500,330.0,445.0,560.0,-195,55,-80,170
SL-B,0.5,1.0,0.5,2.0,0.7,0.0,250,165,250,500,330.0,445.0,560.0,-195,55,-80,170
SL-B,0.5,1.0,0.5,2.0,0.7,400.0,250,165,250,500,330.0,445.0,560.0,-195,55,-80,170
SL-B,0.5,1.0,0.5,2.0,0.775,0.0,250,165,250,500,330.0,445.0,560.0,-195,55,-80,170
SL-B,0.5,1.0,0.5,2.0,0.775,400.0,250,165,250,500,330.0,445.0,560.0,-195,55,-80,170
SL-B,0.5,1.0,0.5,2.0,0.85,0.0,250,165,250,500,330.0,445.0,560.0,-195,55,-80,170
SL-B,0.5,1.0,0.5,2.0,0.85,400.0,250,165,250,500,330.0,445.0,560.0,-195,55,-80,170
SL-B,0.5,1.0,0.75,1.2,0.7,0.0,375,74,375,625,330.0,445.0,560.0,-70,180,45,295
SL-B,0.5,1.0,0.75,1.2,0.7,400.0,375,74,375,625,330.0,445.0,560.0,-70,180,45,295
SL-B,0.5,1.0,0.75,1.2,0.775,0.0,375,74,375,625,330.0,445.0,560.0,-70,180,45,295
SL-B,0.5,1.0,0.75,1.2,0.775,400.0,375,74,375,625,330.0,445.0,560.0,-70,180,45,295
SL-B,0.5,1.0,0.75,1.2,0.85,0.0,375,74,375,625,330.0,445.0,560.0,-70,180,45,295
SL-B,0.5,1.0,0.75,1.2,0.85,400.0,375,74,375,625,330.0,445.0,560.0,-70,180,45,295
SL-B,0.5,1.0,0.75,1.75,0.7,0.0,375,51,375,625,330.0,445.0,560.0,-70,180,45,295
SL-B,0.5,1.0,0.75,1.75,0.7,400.0,375,51,375,625,330.0,445.0,560.0,-70,180,45,295
SL-B,0.5,1.0,0.75,1.75,0.775,0.0,375,51,375,625,330.0,445.0,560.0,-70,180,45,295
SL-B,0.5,1.0,0.75,1.75,0.775,400.0,375,51,375,625,330.0,445.0,560.0,-70,180,45,295
SL-B,0.5,1.0,0.75,1.75,0.85,0.0,375,51,375,625,330.0,445.0,560.0,-70,180,45,295
SL-B,0.5,1.0,0.75,1.75,0.85,400.0,375,51,375,625,330.0,445.0,560.0,-70,180,45,295
SL-B,0.5,1.0,0.75,2.0,0.7,0.0,375,40,375,625,330.0,445.0,560.0,-70,180,45,295
SL-B,0.5,1.0,0.75,2.0,0.7,400.0,375,40,375,625,330.0,445.0,560.0,-70,180,45,295
SL-B,0.5,1.0,0.75,2.0,0.775,0.0,375,40,375,625,330.0,445.0,560.0,-70,180,45,295
SL-B,0.5,1.0,0.75,2.0,0.775,400.0,375,40,375,625,330.0,445.0,560.0,-70,180,45,295
SL-B,0.5,1.0,0.75,2.0,0.85,0.0,375,40,375,625,330.0,445.0,560.0,-70,180,45,295
SL-B,0.5,1.0,0.75,2.0,0.85,400.0,375,40,375,625,330.0,445.0,560.0,-70,180,45,295
SL-B,0.5,1.0,1.0,1.2,0.7,0.0,500,0,500,750,330.0,445.0,560.0,55,305,170,420
SL-B,0.5,1.0,1.0,1.2,0.7,400.0,440,0,440,690,330.0,445.0,560.0,-5,245,110,360
SL-B,0.5,1.0,1.0,1.2,0.775,0.0,500,0,500,750,330.0,445.0,560.0,55,305,170,420
SL-B,0.5,1.0,1.0,1.2,0.775,400.0,500,0,500,750,330.0,445.0,560.0,55,305,170,420
SL-B,0.5,1.0,1.0,1.2,0.85,0.0,500,0,500,750,330.0,445.0,560.0,55,305,170,420
SL-B,0.5,1.0,1.0,1.2,0.85,400.0,500,0,500,750,330.0,445.0,560.0,55,305,170,420
SL-B,0.5,1.0,1.0,1.75,0.7,0.0,500,0,500,750,330.0,445.0,560.0,55,305,170,420
SL-B,0.5,1.0,1.0,1.75,0.7,400.0,500,0,500,750,330.0,445.0,560.0,55,305,170,420
SL-B,0.5,1.0,1.0,1.75,0.775,0.0,500,0,500,750,330.0,445.0,560.0,55,305,170,420
SL-B,0.5,1.0,1.0,1.75,0.775,400.0,500,0,500,750,330.0,445.0,560.0,55,305,170,420
SL-B,0.5,1.0,1.0,1.75,0.85,0.0,500,0,500,750,330.0,445.0,560.0,55,305,170,420
SL-B,0.5,1.0,1.0,1.75,0.85,400.0,500,0,500,750,330.0,445.0,560.0,55,305,170,420
SL-B,0.5,1.0,1.0,2.0,0.7,0.0,500,0,500,750,330.0,445.0,560.0,55,305,170,420
SL-B,0.5,1.0,1.0,2.0,0.7,400.0,500,0,500,750,330.0,445.0,560.0,55,305,170,420
SL-B,0.5,1.0,1.0,2.0,0.775,0.0,500,0,500,750,330.0,445.0,560.0,55,305,170,420
SL-B,0.5,1.0,1.0,2.0,0.775,400.0,500,0,500,750,330.0,445.0,560.0,55,305,170,420
SL-B,0.5,1.0,1.0,2.0,0.85,0.0,500,0,500,750,330.0,445.0,560.0,55,305,170,420
SL-B,0.5,1.0,1.0,2.0,0.85,400.0,500,0,500,750,330.0,445.0,560.0,55,305,170,420
SL-B,0.5,2.0,0.5,1.2,0.7,0.0,500,449,500,750,330.0,445.0,560.0,55,305,170,420
SL-B,0.5,2.0,0.5,1.2,0.7,400.0,440,449,449,699,330.0,445.0,560.0,4,254,119,369
SL-B,0.5,2.0,0.5,1.2,0.775,0.0,500,449,500,750,330.0,445.0,560.0,55,305,170,420
SL-B,0.5,2.0,0.5,1.2,0.775,400.0,500,449,500,750,330.0,445.0,560.0,55,305,170,420
SL-B,0.5,2.0,0.5,1.2,0.85,0.0,500,449,500,750,330.0,445.0,560.0,55,305,170,420
SL-B,0.5,2.0,0.5,1.2,0.85,400.0,500,449,500,750,330.0,445.0,560.0,55,305,170,420
SL-B,0.5,2.0,0.5,1.75,0.7,0.0,500,426,500,750,330.0,445.0,560.0,55,305,170,420
SL-B,0.5,2.0,0.5,1.75,0.7,400.0,500,426,500,750,330.0,445.0,560.0,55,305,170,420
SL-B,0.5,2.0,0.5,1.75,0.775,0.0,500,426,500,750,330.0,445.0,560.0,55,305,170,420
SL-B,0.5,2.0,0.5,1.75,0.775,400.0,500,426,500,750,330.0,445.0,560.0,55,305,170,420
SL-B,0.5,2.0,0.5,1.75,0.85,0.0,500,426,500,750,330.0,445.0,560.0,55,305,170,420
SL-B,0.5,2.0,0.5,1.75,0.85,400.0,500,426,500,750,330.0,445.0,560.0,55,305,170,420
SL-B,0.5,2.0,0.5,2.0,0.7,0.0,500,415,500,750,330.0,445.0,560.0,55,305,170,420
SL-B,0.5,2.0,0.5,2.0,0.7,400.0,500,415,500,750,330.0,445.0,560.0,55,305,170,420
SL-B,0.5,2.0,0.5,2.0,0.775,0.0,500,415,500,750,330.0,445.0,560.0,55,305,170,420
SL-B,0.5,2.0,0.5,2.0,0.775,400.0,500,415,500,750,330.0,445.0,560.0,55,305,170,420
SL-B,0.5,2.0,0.5,2.0,0.85,0.0,500,415,500,750,330.0,445.0,560.0,55,305,170,420
SL-B,0.5,2.0,0.5,2.0,0.85,400.0,500,415,500,750,330.0,445.0,560.0,55,305,170,420
SL-B,0.5,2.0,0.75,1.2,0.7,0.0,750,199,750,1000,330.0,445.0,560.0,305,555,420,670
SL-B,0.5,2.0,0.75,1.2,0.7,400.0,440,199,440,690,330.0,445.0,560.0,-5,245,110,360
SL-B,0.5,2.0,0.75,1.2,0.775,0.0,750,199,750,1000,330.0,445.0,560.0,305,555,420,670
SL-B,0.5,2.0,0.75,1.2,0.775,400.0,530,199,530,780,330.0,445.0,560.0,85,335,200,450
SL-B,0.5,2.0,0.75,1.2,0.85,0.0,750,199,750,1000,330.0,445.0,560.0,305,555,420,670
SL-B,0.5,2.0,0.75,1.2,0.85,400.0,620,199,620,870,330.0,445.0,560.0,175,425,290,540
SL-B,0.5,2.0,0.75,1.75,0.7,0.0,750,176,750,1000,330.0,445.0,560.0,305,555,420,670
SL-B,0.5,2.0,0.75,1.75,0.7,400.0,750,176,750,1000,330.0,445.0,560.0,305,555,420,670
SL-B,0.5,2.0,0.75,1.75,0.775,0.0,750,176,750,1000,330.0,445.0,560.0,305,555,420,670
SL-B,0.5,2.0,0.75,1.75,0.775,400.0,750,176,750,1000,330.0,445.0,560.0,305,555,420,670
SL-B,0.5,2.0,0.75,1.75,0.85,0.0,750,176,750,1000,330.0,445.0,560.0,305,555,420,670
SL-B,0.5,2.0,0.75,1.75,0.85,400.0,750,176,750,1000,330.0,445.0,560.0,305,555,420,670
SL-B,0.5,2.0,0.75,2.0,0.7,0.0,750,165,750,1000,330.0,445.0,560.0,305,555,420,670
SL-B,0.5,2.0,0.75,2.0,0.7,400.0,750,165,750,1000,330.0,445.0,560.0,305,555,420,670
SL-B,0.5,2.0,0.75,2.0,0.775,0.0,750,165,750,1000,330.0,445.0,560.0,305,555,420,670
SL-B,0.5,2.0,0.75,2.0,0.775,400.0,750,165,750,1000,330.0,445.0,560.0,305,555,420,670
SL-B,0.5,2.0,0.75,2.0,0.85,0.0,750,165,750,1000,330.0,445.0,560.0,305,555,420,670
SL-B,0.5,2.0,0.75,2.0,0.85,400.0,750,165,750,1000,330.0,445.0,560.0,305,555,420,670
SL-B,0.5,2.0,1.0,1.2,0.7,0.0,840,0,840,1090,330.0,445.0,560.0,395,645,510,760
SL-B,0.5,2.0,1.0,1.2,0.7,400.0,440,0,440,690,330.0,445.0,560.0,-5,245,110,360
SL-B,0.5,2.0,1.0,1.2,0.775,0.0,930,0,930,1180,330.0,445.0,560.0,485,735,600,850
SL-B,0.5,2.0,1.0,1.2,0.775,400.0,530,0,530,780,330.0,445.0,560.0,85,335,200,450
SL-B,0.5,2.0,1.0,1.2,0.85,0.0,1000,0,1000,1250,330.0,445.0,560.0,555,805,670,920
SL-B,0.5,2.0,1.0,1.2,0.85,400.0,620,0,620,870,330.0,445.0,560.0,175,425,290,540
SL-B,0.5,2.0,1.0,1.75,0.7,0.0,1000,0,1000,1250,330.0,445.0,560.0,555,805,670,920
SL-B,0.5,2.0,1.0,1.75,0.7,400.0,825,0,825,1075,330.0,445.0,560.0,380,630,495,745
SL-B,0.5,2.0,1.0,1.75,0.775,0.0,1000,0,1000,1250,330.0,445.0,560.0,555,805,670,920
SL-B,0.5,2.0,1.0,1.75,0.775,400.0,956,0,956,1206,330.0,445.0,560.0,511,761,626,876
SL-B,0.5,2.0,1.0,1.75,0.85,0.0,1000,0,1000,1250,330.0,445.0,560.0,555,805,670,920
SL-B,0.5,2.0,1.0,1.75,0.85,400.0,1000,0,1000,1250,330.0,445.0,560.0,555,805,670,920
SL-B,0.5,2.0,1.0,2.0,0.7,0.0,1000,0,1000,1250,330.0,445.0,560.0,555,805,670,920
SL-B,0.5,2.0,1.0,2.0,0.7,400.0,1000,0,1000,1250,330.0,445.0,560.0,555,805,670,920
SL-B,0.5,2.0,1.0,2.0,0.775,0.0,1000,0,1000,1250,330.0,445.0,560.0,555,805,670,920
SL-B,0.5,2.0,1.0,2.0,0.775,400.0,1000,0,1000,1250,330.0,445.0,560.0,555,805,670,920
SL-B,0.5,2.0,1.0,2.0,0.85,0.0,1000,0,1000,1250,330.0,445.0,560.0,555,805,670,920
SL-B,0.5,2.0,1.0,2.0,0.85,400.0,1000,0,1000,1250,330.0,445.0,560.0,555,805,670,920
SL-B,0.5,3.0,0.5,1.2,0.7,0.0,750,699,750,1000,330.0,445.0,560.0,305,555,420,670
SL-B,0.5,3.0,0.5,1.2,0.7,400.0,440,699,699,949,330.0,445.0,560.0,254,504,369,619
SL-B,0.5,3.0,0.5,1.2,0.775,0.0,750,699,750,1000,330.0,445.0,560.0,305,555,420,670
SL-B,0.5,3.0,0.5,1.2,0.775,400.0,530,699,699,949,330.0,445.0,560.0,254,504,369,619
SL-B,0.5,3.0,0.5,1.2,0.85,0.0,750,699,750,1000,330.0,445.0,560.0,305,555,420,670
SL-B,0.5,3.0,0.5,1.2,0.85,400.0,620,699,699,949,330.0,445.0,560.0,254,504,369,619
SL-B,0.5,3.0,0.5,1.75,0.7,0.0,750,676,750,1000,330.0,445.0,560.0,305,555,420,670
SL-B,0.5,3.0,0.5,1.75,0.7,400.0,750,676,750,1000,330.0,445.0,560.0,305,555,420,670
SL-B,0.5,3.0,0.5,1.75,0.775,0.0,750,676,750,1000,330.0,445.0,560.0,305,555,420,670
SL-B,0.5,3.0,0.5,1.75,0.775,400.0,750,676,750,1000,330.0,445.0,560.0,305,555,420,670
SL-B,0.5,3.0,0.5,1.75,0.85,0.0,750,676,750,1000,330.0,445.0,560.0,305,555,420,670
SL-B,0.5,3.0,0.5,1.75,0.85,400.0,750,676,750,1000,330.0,445.0,560.0,305,555,420,670
SL-B,0.5,3.0,0.5,2.0,0.7,0.0,750,665,750,1000,330.0,445.0,560.0,305,555,420,670
SL-B,0.5,3.0,0.5,2.0,0.7,400.0,750,665,750,1000,330.0,445.0,560.0,305,555,420,670
SL-B,0.5,3.0,0.5,2.0,0.775,0.0,750,665,750,1000,330.0,445.0,560.0,305,555,420,670
SL-B,0.5,3.0,0.5,2.0,0.775,400.0,750,665,750,1000,330.0,445.0,560.0,305,555,420,670
SL-B,0.5,3.0,0.5,2.0,0.85,0.0,750,665,750,1000,330.0,445.0,560.0,305,555,420,670
SL-B,0.5,3.0,0.5,2.0,0.85,400.0,750,665,750,1000,330.0,445.0,560.0,305,555,420,670
SL-B,0.5,3.0,0.75,1.2,0.7,0.0,840,324,840,1090,330.0,445.0,560.0,395,645,510,760
SL-B,0.5,3.0,0.75,1.2,0.7,400.0,440,324,440,690,330.0,445.0,560.0,-5,245,110,360
SL-B,0.5,3.0,0.75,1.2,0.775,0.0,930,324,930,1180,330.0,445.0,560.0,485,735,600,850
SL-B,0.5,3.0,0.75,1.2,0.775,400.0,530,324,530,780,330.0,445.0,560.0,85,335,200,450
SL-B,0.5,3.0,0.75,1.2,0.85,0.0,1020,324,1020,1270,330.0,445.0,560.0,575,825,690,940
SL-B,0.5,3.0,0.75,1.2,0.85,400.0,620,324,620,870,330.0,445.0,560.0,175,425,290,540
SL-B,0.5,3.0,0.75,1.75,0.7,0.0,1125,301,1125,1375,330.0,445.0,560.0,680,930,795,1045
SL-B,0.5,3.0,0.75,1.75,0.7,400.0,825,301,825,1075,330.0,445.0,560.0,380,630,495,745
SL-B,0.5,3.0,0.75,1.75,0.775,0.0,1125,301,1125,1375,330.0,445.0,560.0,680,930,795,1045
SL-B,0.5,3.0,0.75,1.75,0.775,400.0,956,301,956,1206,330.0,445.0,560.0,511,761,626,876
SL-B,0.5,3.0,0.75,1.75,0.85,0.0,1125,301,1125,1375,330.0,445.0,560.0,680,930,795,1045
SL-B,0.5,3.0,0.75,1.75,0.85,400.0,1088,301,1088,1338,330.0,445.0,560.0,642,892,758,1008
SL-B,0.5,3.0,0.75,2.0,0.7,0.0,1125,290,1125,1375,330.0,445.0,560.0,680,930,795,1045
SL-B,0.5,3.0,0.75,2.0,0.7,400.0,1000,290,1000,1250,330.0,445.0,560.0,555,805,670,920
SL-B,0.5,3.0,0.75,2.0,0.775,0.0,1125,290,1125,1375,330.0,445.0,560.0,680,930,795,1045
SL-B,0.5,3.0,0.75,2.0,0.775,400.0,1125,290,1125,1375,330.0,445.0,560.0,680,930,795,1045
SL-B,0.5,3.0,0.75,2.0,0.85,0.0,1125,290,1125,1375,330.0,445.0,560.0,680,930,795,1045
SL-B,0.5,3.0,0.75,2.0,0.85,400.0,1125,290,1125,1375,330.0,445.0,560.0,680,930,795,1045
SL-B,0.5,3.0,1.0,1.2,0.7,0.0,840,0,840,1090,330.0,445.0,560.0,395,645,510,760
SL-B,0.5,3.0,1.0,1.2,0.7,400.0,440,0,440,690,330.0,445.0,560.0,-5,245,110,360
SL-B,0.5,3.0,1.0,1.2,0.775,0.0,930,0,930,1180,330.0,445.0,560.0,485,735,600,850
SL-B,0.5,3.0,1.0,1.2,0.775,400.0,530,0,530,780,330.0,445.0,560.0,85,335,200,450
SL-B,0.5,3.0,1.0,1.2,0.85,0.0,1020,0,1020,1270,330.0,445.0,560.0,575,825,690,940
SL-B,0.5,3.0,1.0,1.2,0.85,400.0,620,0,620,870,330.0,445.0,560.0,175,425,290,540
SL-B,0.5,3.0,1.0,1.75,0.7,0.0,1225,0,1225,1475,330.0,445.0,560.0,780,1030,895,1145
SL-B,0.5,3.0,1.0,1.75,0.7,400.0,825,0,825,1075,330.0,445.0,560.0,380,630,495,745
SL-B,0.5,3.0,1.0,1.75,0.775,0.0,1356,0,1356,1606,330.0,445.0,560.0,911,1161,1026,1276
SL-B,0.5,3.0,1.0,1.75,0.775,400.0,956,0,956,1206,330.0,445.0,560.0,511,761,626,876
SL-B,0.5,3.0,1.0,1.75,0.85,0.0,1488,0,1488,1738,330.0,445.0,560.0,1042,1292,1158,1408
SL-B,0.5,3.0,1.0,1.75,0.85,400.0,1088,0,1088,1338,330.0,445.0,560.0,642,892,758,1008
SL-B,0.5,3.0,1.0,2.0,0.7,0.0,1400,0,1400,1650,330.0,445.0,560.0,955,1205,1070,1320
SL-B,0.5,3.0,1.0,2.0,0.7,400.0,1000,0,1000,1250,330.0,445.0,560.0,555,805,670,920
SL-B,0.5,3.0,1.0,2.0,0.775,0.0,1500,0,1500,1750,330.0,445.0,560.0,1055,1305,1170,1420
SL-B,0.5,3.0,1.0,2.0,0.775,400.0,1150,0,1150,1400,330.0,445.0,560.0,705,955,820,1070
SL-B,0.5,3.0,1.0,2.0,0.85,0.0,1500,0,1500,1750,330.0,445.0,560.0,1055,1305,1170,1420
SL-B,0.5,3.0,1.0,2.0,0.85,400.0,1300,0,1300,1550,330.0,445.0,560.0,855,1105,970,1220
SL-B,0.5,4.0,0.5,1.2,0.7,0.0,840,714,840,1090,330.0,445.0,560.0,395,645,510,760
SL-B,0.5,4.0,0.5,1.2,0.7,400.0,440,714,714,964,330.0,445.0,560.0,269,519,384,634
SL-B,0.5,4.0,0.5,1.2,0.775,0.0,930,790,930,1180,330.0,445.0,560.0,485,735,600,850
SL-B,0.5,4.0,0.5,1.2,0.775,400.0,530,790,790,1040,330.0,445.0,560.0,346,596,460,710
SL-B,0.5,4.0,0.5,1.2,0.85,0.0,1000,867,1000,1250,330.0,445.0,560.0,555,805,670,920
SL-B,0.5,4.0,0.5,1.2,0.85,400.0,620,867,867,1117,330.0,445.0,560.0,422,672,537,787
SL-B,0.5,4.0,0.5,1.75,0.7,0.0,1000,926,1000,1250,330.0,445.0,560.0,555,805,670,920
SL-B,0.5,4.0,0.5,1.75,0.7,400.0,825,926,926,1176,330.0,445.0,560.0,481,731,596,846
SL-B,0.5,4.0,0.5,1.75,0.775,0.0,1000,926,1000,1250,330.0,445.0,560.0,555,805,670,920
SL-B,0.5,4.0,0.5,1.75,0.775,400.0,956,926,956,1206,330.0,445.0,560.0,511,761,626,876
SL-B,0.5,4.0,0.5,1.75,0.85,0.0,1000,926,1000,1250,330.0,445.0,560.0,555,805,670,920
SL-B,0.5,4.0,0.5,1.75,0.85,400.0,1000,926,1000,1250,330.0,445.0,560.0,555,805,670,920
SL-B,0.5,4.0,0.5,2.0,0.7,0.0,1000,915,1000,1250,330.0,445.0,560.0,555,805,670,920
SL-B,0.5,4.0,0.5,2.0,0.7,400.0,1000,915,1000,1250,330.0,445.0,560.0,555,805,670,920
SL-B,0.5,4.0,0.5,2.0,0.775,0.0,1000,915,1000,1250,330.0,445.0,560.0,555,805,670,920
SL-B,0.5,4.0,0.5,2.0,0.775,400.0,1000,915,1000,1250,330.0,445.0,560.0,555,805,670,920
SL-B,0.5,4.0,0.5,2.0,0.85,0.0,1000,915,1000,1250,330.0,445.0,560.0,555,805,670,920
SL-B,0.5,4.0,0.5,2.0,0.85,400.0,1000,915,1000,1250,330.0,445.0,560.0,555,805,670,920
SL-B,0.5,4.0,0.75,1.2,0.7,0.0,840,449,840,1090,330.0,445.0,560.0,395,645,510,760
SL-B,0.5,4.0,0.75,1.2,0.7,400.0,440,449,449,699,330.0,445.0,560.0,4,254,119,369
SL-B,0.5,4.0,0.75,1.2,0.775,0.0,930,449,930,1180,330.0,445.0,560.0,485,735,600,850
SL-B,0.5,4.0,0.75,1.2,0.775,400.0,530,449,530,780,330.0,445.0,560.0,85,335,200,450
SL-B,0.5,4.0,0.75,1.2,0.85,0.0,1020,449,1020,1270,330.0,445.0,560.0,575,825,690,940
SL-B,0.5,4.0,0.75,1.2,0.85,400.0,620,449,620,870,330.0,445.0,560.0,175,425,290,540
SL-B,0.5,4.0,0.75,1.75,0.7,0.0,1225,426,1225,1475,330.0,445.0,560.0,780,1030,895,1145
SL-B,0.5,4.0,0.75,1.75,0.7,400.0,825,426,825,1075,330.0,445.0,560.0,380,630,495,745
SL-B,0.5,4.0,0.75,1.75,0.775,0.0,1356,426,1356,1606,330.0,445.0,560.0,911,1161,1026,1276
SL-B,0.5,4.0,0.75,1.75,0.775,400.0,956,426,956,1206,330.0,445.0,560.0,511,761,626,876
SL-B,0.5,4.0,0.75,1.75,0.85,0.0,1488,426,1488,1738,330.0,445.0,560.0,1042,1292,1158,1408
SL-B,0.5,4.0,0.75,1.75,0.85,400.0,1088,426,1088,1338,330.0,445.0,560.0,642,892,758,1008
SL-B,0.5,4.0,0.75,2.0,0.7,0.0,1400,415,1400,1650,330.0,445.0,560.0,955,1205,1070,1320
SL-B,0.5,4.0,0.75,2.0,0.7,400.0,1000,415,1000,1250,330.0,445.0,560.0,555,805,670,920
SL-B,0.5,4.0,0.75,2.0,0.775,0.0,1500,415,1500,1750,330.0,445.0,560.0,1055,1305,1170,1420
SL-B,0.5,4.0,0.75,2.0,0.775,400.0,1150,415,1150,1400,330.0,445.0,560.0,705,955,820,1070
SL-B,0.5,4.0,0.75,2.0,0.85,0.0,1500,415,1500,1750,330.0,445.0,560.0,1055,1305,1170,1420
SL-B,0.5,4.0,0.75,2.0,0.85,400.0,1300,415,1300,1550,330.0,445.0,560.0,855,1105,970,1220
SL-B,0.5,4.0,1.0,1.2,0.7,0.0,840,0,840,1090,330.0,445.0,560.0,395,645,510,760
SL-B,0.5,4.0,1.0,1.2,0.7,400.0,440,0,440,690,330.0,445.0,560.0,-5,245,110,360
SL-B,0.5,4.0,1.0,1.2,0.775,0.0,930,0,930,1180,330.0,445.0,560.0,485,735,600,850
SL-B,0.5,4.0,1.0,1.2,0.775,400.0,530,0,530,780,330.0,445.0,560.0,85,335,200,450
SL-B,0.5,4.0,1.0,1.2,0.85,0.0,1020,0,1020,1270,330.0,445.0,560.0,575,825,690,940
SL-B,0.5,4.0,1.0,1.2,0.85,400.0,620,0,620,870,330.0,445.0,560.0,175,425,290,540
SL-B,0.5,4.0,1.0,1.75,0.7,0.0,1225,0,1225,1475,330.0,445.0,560.0,780,1030,895,1145
SL-B,0.5,4.0,1.0,1.75,0.7,400.0,825,0,825,1075,330.0,445.0,560.0,380,630,495,745
SL-B,0.5,4.0,1.0,1.75,0.775,0.0,1356,0,1356,1606,330.0,445.0,560.0,911,1161,1026,1276
SL-B,0.5,4.0,1.0,1.75,0.775,400.0,956,0,956,1206,330.0,445.0,560.0,511,761,626,876
SL-B,0.5,4.0,1.0,1.75,0.85,0.0,1488,0,1488,1738,330.0,445.0,560.0,1042,1292,1158,1408
SL-B,0.5,4.0,1.0,1.75,0.85,400.0,1088,0,1088,1338,330.0,445.0,560.0,642,892,758,1008
SL-B,0.5,4.0,1.0,2.0,0.7,0.0,1400,0,1400,1650,330.0,445.0,560.0,955,1205,1070,1320
SL-B,0.5,4.0,1.0,2.0,0.7,400.0,1000,0,1000,1250,330.0,445.0,560.0,555,805,670,920
SL-B,0.5,4.0,1.0,2.0,0.775,0.0,1550,0,1550,1800,330.0,445.0,560.0,1105,1355,1220,1470
SL-B,0.5,4.0,1.0,2.0,0.775,400.0,1150,0,1150,1400,330.0,445.0,560.0,705,955,820,1070
SL-B,0.5,4.0,1.0,2.0,0.85,0.0,1700,0,1700,1950,330.0,445.0,560.0,1255,1505,1370,1620
SL-B,0.5,4.0,1.0,2.0,0.85,400.0,1300,0,1300,1550,330.0,445.0,560.0,855,1105,970,1220
SL-C,0.25,1.0,0.5,1.2,0.7,0.0,125,100,125,185,60.0,90.0,120.0,35,95,65,125
SL-C,0.25,1.0,0.5,1.2,0.7,400.0,125,100,125,185,60.0,90.0,120.0,35,95,65,125
SL-C,0.25,1.0,0.5,1.2,0.775,0.0,125,100,125,185,60.0,90.0,120.0,35,95,65,125
SL-C,0.25,1.0,0.5,1.2,0.775,400.0,125,100,125,185,60.0,90.0,120.0,35,95,65,125
SL-C,0.25,1.0,0.5,1.2,0.85,0.0,125,100,125,185,60.0,90.0,120.0,35,95,65,125
SL-C,0.25,1.0,0.5,1.2,0.85,400.0,125,100,125,185,60.0,90.0,120.0,35,95,65,125
SL-C,0.25,1.0,0.5,1.75,0.7,0.0,125,88,125,185,60.0,90.0,120.0,35,95,65,125
SL-C,0.25,1.0,0.5,1.75,0.7,400.0,125,88,125,185,60.0,90.0,120.0,35,95,65,125
SL-C,0.25,1.0,0.5,1.75,0.775,0.0,125,88,125,185,60.0,90.0,120.0,35,95,65,125
SL-C,0.25,1.0,0.5,1.75,0.775,400.0,125,88,125,185,60.0,90.0,120.0,35,95,65,125
SL-C,0.25,1.0,0.5,1.75,0.85,0.0,125,88,125,185,60.0,90.0,120.0,35,95,65,125
SL-C,0.25,1.0,0.5,1.75,0.85,400.0,125,88,125,185,60.0,90.0,120.0,35,95,65,125
SL-C,0.25,1.0,0.5,2.0,0.7,0.0,125,82,125,185,60.0,90.0,120.0,35,95,65,125
SL-C,0.25,1.0,0.5,2.0,0.7,400.0,125,82,125,185,60.0,90.0,120.0,35,95,65,125
SL-C,0.25,1.0,0.5,2.0,0.775,0.0,125,82,125,185,60.0,90.0,120.0,35,95,65,125
SL-C,0.25,1.0,0.5,2.0,0.775,400.0,125,82,125,185,60.0,90.0,120.0,35,95,65,125
SL-C,0.25,1.0,0.5,2.0,0.85,0.0,125,82,125,185,60.0,90.0,120.0,35,95,65,125
SL-C,0.25,1.0,0.5,2.0,0.85,400.0,125,82,125,185,60.0,90.0,120.0,35,95,65,125
SL-C,0.25,1.0,0.75,1.2,0.7,0.0,188,37,188,248,60.0,90.0,120.0,98,158,128,188
SL-C,0.25,1.0,0.75,1.2,0.7,400.0,188,37,188,248,60.0,90.0,120.0,98,158,128,188
SL-C,0.25,1.0,0.75,1.2,0.775,0.0,188,37,188,248,60.0,90.0,120.0,98,158,128,188
SL-C,0.25,1.0,0.75,1.2,0.775,400.0,188,37,188,248,60.0,90.0,120.0,98,158,128,188
SL-C,0.25,1.0,0.75,1.2,0.85,0.0,188,37,188,248,60.0,90.0,120.0,98,158,128,188
SL-C,0.25,1.0,0.75,1.2,0.85,400.0,188,37,188,248,60.0,90.0,120.0,98,158,128,188
SL-C,0.25,1.0,0.75,1.75,0.7,0.0,188,25,188,248,60.0,90.0,120.0,98,158,128,188
SL-C,0.25,1.0,0.75,1.75,0.7,400.0,188,25,188,248,60.0,90.0,120.0,98,158,128,188
SL-C,0.25,1.0,0.75,1.75,0.775,0.0,188,25,188,248,60.0,90.0,120.0,98,158,128,188
SL-C,0.25,1.0,0.75,1.75,0.775,400.0,188,25,188,248,60.0,90.0,120.0,98,158,128,188
SL-C,0.25,1.0,0.75,1.75,0.85,0.0,188,25,188,248,60.0,90.0,120.0,98,158,128,188
SL-C,0.25,1.0,0.75,1.75,0.85,400.0,188,25,188,248,60.0,90.0,120.0,98,158,128,188
SL-C,0.25,1.0,0.75,2.0,0.7,0.0,188,20,188,248,60.0,90.0,120.0,98,158,128,188
SL-C,0.25,1.0,0.75,2.0,0.7,400.0,188,20,188,248,60.0,90.0,120.0,98,158,128,188
SL-C,0.25,1.0,0.75,2.0,0.775,0.0,188,20,188,248,60.0,90.0,120.0,98,158,128,188
SL-C,0.25,1.0,0.75,2.0,0.775,400.0,188,20,188,248,60.0,90.0,120.0,98,158,128,188
SL-C,0.25,1.0,0.75,2.0,0.85,0.0,188,20,188,248,60.0,90.0,120.0,98,158,128,188
SL-C,0.25,1.0,0.75,2.0,0.85,400.0,188,20,188,248,60.0,90.0,120.0,98,158,128,188
SL-C,0.25,1.0,1.0,1.2,0.7,0.0,250,0,250,310,60.0,90.0,120.0,160,220,190,250
SL-C,0.25,1.0,1.0,1.2,0.7,400.0,250,0,250,310,60.0,90.0,120.0,160,220,190,250
SL-C,0.25,1.0,1.0,1.2,0.775,0.0,250,0,250,310,60.0,90.0,120.0,160,220,190,250
SL-C,0.25,1.0,1.0,1.2,0.775,400.0,250,0,250,310,60.0,90.0,120.0,160,220,190,250
SL-C,0.25,1.0,1.0,1.2,0.85,0.0,250,0,250,310,60.0,90.0,120.0,160,220,190,250
SL-C,0.25,1.0,1.0,1.2,0.85,400.0,250,0,250,310,60.0,90.0,120.0,160,220,190,250
SL-C,0.25,1.0,1.0,1.75,0.7,0.0,250,0,250,310,60.0,90.0,120.0,160,220,190,250
SL-C,0.25,1.0,1.0,1.75,0.7,400.0,250,0,250,310,60.0,90.0,120.0,160,220,190,250
SL-C,0.25,1.0,1.0,1.75,0.775,0.0,250,0,250,310,60.0,90.0,120.0,160,220,190,250
SL-C,0.25,1.0,1.0,1.75,0.775,400.0,250,0,250,310,60.0,90.0,120.0,160,220,190,250
SL-C,0.25,1.0,1.0,1.75,0.85,0.0,250,0,250,310,60.0,90.0,120.0,160,220,190,250
SL-C,0.25,1.0,1.0,1.75,0.85,400.0,250,0,250,310,60.0,90.0,120.0,160,220,190,250
SL-C,0.25,1.0,1.0,2.0,0.7,0.0,250,0,250,310,60.0,90.0,120.0,160,220,190,250
SL-C,0.25,1.0,1.0,2.0,0.7,400.0,250,0,250,310,60.0,90.0,120.0,160,220,190,250
SL-C,0.25,1.0,1.0,2.0,0.775,0.0,250,0,250,310,60.0,90.0,120.0,160,220,190,250
SL-C,0.25,1.0,1.0,2.0,0.775,400.0,250,0,250,310,60.0,90.0,120.0,160,220,190,250
SL-C,0.25,1.0,1.0,2.0,0.85,0.0,250,0,250,310,60.0,90.0,120.0,160,220,190,250
SL-C,0.25,1.0,1.0,2.0,0.85,400.0,250,0,250,310,60.0,90.0,120.0,160,220,190,250
SL-C,0.25,2.0,0.5,1.2,0.7,0.0,250,224,250,310,60.0,90.0,120.0,160,220,190,250
SL-C,0.25,2.0,0.5,1.2,0.7,400.0,250,224,250,310,60.0,90.0,120.0,160,220,190,250
SL-C,0.25,2.0,0.5,1.2,0.775,0.0,250,224,250,310,60.0,90.0,120.0,160,220,190,250
SL-C,0.25,2.0,0.5,1.2,0.775,400.0,250,224,250,310,60.0,90.0,120.0,160,220,190,250
SL-C,0.25,2.0,0.5,1.2,0.85,0.0,250,224,250,310,60.0,90.0,120.0,160,220,190,250
SL-C,0.25,2.0,0.5,1.2,0.85,400.0,250,224,250,310,60.0,90.0,120.0,160,220,190,250
SL-C,0.25,2.0,0.5,1.75,0.7,0.0,250,213,250,310,60.0,90.0,120.0,160,220,190,250
SL-C,0.25,2.0,0.5,1.75,0.7,400.0,250,213,250,310,60.0,90.0,120.0,160,220,190,250
SL-C,0.25,2.0,0.5,1.75,0.775,0.0,250,213,250,310,60.0,90.0,120.0,160,220,190,250
SL-C,0.25,2.0,0.5,1.75,0.775,400.0,250,213,250,310,60.0,90.0,120.0,160,220,190,250
SL-C,0.25,2.0,0.5,1.75,0.85,0.0,250,213,250,310,60.0,90.0,120.0,160,220,190,250
SL-C,0.25,2.0,0.5,1.75,0.85,400.0,250,213,250,310,60.0,90.0,120.0,160,220,190,250
SL-C,0.25,2.0,0.5,2.0,0.7,0.0,250,208,250,310,60.0,90.0,120.0,160,220,190,250
SL-C,0.25,2.0,0.5,2.0,0.7,400.0,250,208,250,310,60.0,90.0,120.0,160,220,190,250
SL-C,0.25,2.0,0.5,2.0,0.775,0.0,250,208,250,310,60.0,90.0,120.0,160,220,190,250
SL-C,0.25,2.0,0.5,2.0,0.775,400.0,250,208,250,310,60.0,90.0,120.0,160,220,190,250
SL-C,0.25,2.0,0.5,2.0,0.85,0.0,250,208,250,310,60.0,90.0,120.0,160,220,190,250
SL-C,0.25,2.0,0.5,2.0,0.85,400.0,250,208,250,310,60.0,90.0,120.0,160,220,190,250
SL-C,0.25,2.0,0.75,1.2,0.7,0.0,375,100,375,435,60.0,90.0,120.0,285,345,315,375
SL-C,0.25,2.0,0.75,1.2,0.7,400.0,375,100,375,435,60.0,90.0,120.0,285,345,315,375
SL-C,0.25,2.0,0.75,1.2,0.775,0.0,375,100,375,435,60.0,90.0,120.0,285,345,315,375
SL-C,0.25,2.0,0.75,1.2,0.775,400.0,375,100,375,435,60.0,90.0,120.0,285,345,315,375
SL-C,0.25,2.0,0.75,1.2,0.85,0.0,375,100,375,435,60.0,90.0,120.0,285,345,315,375
SL-C,0.25,2.0,0.75,1.2,0.85,400.0,375,100,375,435,60.0,90.0,120.0,285,345,315,375
SL-C,0.25,2.0,0.75,1.75,0.7,0.0,375,88,375,435,60.0,90.0,120.0,285,345,315,375
SL-C,0.25,2.0,0.75,1.75,0.7,400.0,375,88,375,435,60.0,90.0,120.0,285,345,315,375
SL-C,0.25,2.0,0.75,1.75,0.775,0.0,375,88,375,435,60.0,90.0,120.0,285,345,315,375
SL-C,0.25,2.0,0.75,1.75,0.775,400.0,375,88,375,435,60.0,90.0,120.0,285,345,315,375
SL-C,0.25,2.0,0.75,1.75,0.85,0.0,375,88,375,435,60.0,90.0,120.0,285,345,315,375
SL-C,0.25,2.0,0.75,1.75,0.85,400.0,375,88,375,435,60.0,90.0,120.0,285,345,315,375
SL-C,0.25,2.0,0.75,2.0,0.7,0.0,375,82,375,435,60.0,90.0,120.0,285,345,315,375
SL-C,0.25,2.0,0.75,2.0,0.7,400.0,375,82,375,435,60.0,90.0,120.0,285,345,315,375
SL-C,0.25,2.0,0.75,2.0,0.775,0.0,375,82,375,435,60.0,90.0,120.0,285,345,315,375
SL-C,0.25,2.0,0.75,2.0,0.775,400.0,375,82,375,435,60.0,90.0,120.0,285,345,315,375
SL-C,0.25,2.0,0.75,2.0,0.85,0.0,375,82,375,435,60.0,90.0,120.0,285,345,315,375
SL-C,0.25,2.0,0.75,2.0,0.85,400.0,375,82,375,435,60.0,90.0,120.0,285,345,315,375
SL-C,0.25,2.0,1.0,1.2,0.7,0.0,500,0,500,560,60.0,90.0,120.0,410,470,440,500
SL-C,0.25,2.0,1.0,1.2,0.7,400.0,440,0,440,500,60.0,90.0,120.0,350,410,380,440
SL-C,0.25,2.0,1.0,1.2,0.775,0.0,500,0,500,560,60.0,90.0,120.0,410,470,440,500
SL-C,0.25,2.0,1.0,1.2,0.775,400.0,500,0,500,560,60.0,90.0,120.0,410,470,440,500
SL-C,0.25,2.0,1.0,1.2,0.85,0.0,500,0,500,560,60.0,90.0,120.0,410,470,440,500
SL-C,0.25,2.0,1.0,1.2,0.85,400.0,500,0,500,560,60.0,90.0,120.0,410,470,440,500
SL-C,0.25,2.0,1.0,1.75,0.7,0.0,500,0,500,560,60.0,90.0,120.0,410,470,440,500
SL-C,0.25,2.0,1.0,1.75,0.7,400.0,500,0,500,560,60.0,90.0,120.0,410,470,440,500
SL-C,0.25,2.0,1.0,1.75,0.775,0.0,500,0,500,560,60.0,90.0,120.0,410,470,440,500
SL-C,0.25,2.0,1.0,1.75,0.775,400.0,500,0,500,560,60.0,90.0,120.0,410,470,440,500
SL-C,0.25,2.0,1.0,1.75,0.85,0.0,500,0,500,560,60.0,90.0,120.0,410,470,440,500
SL-C,0.25,2.0,1.0,1.75,0.85,400.0,500,0,500,560,60.0,90.0,120.0,410,470,440,500
SL-C,0.25,2.0,1.0,2.0,0.7,0.0,500,0,500,560,60.0,90.0,120.0,410,470,440,500
SL-C,0.25,2.0,1.0,2.0,0.7,400.0,500,0,500,560,60.0,90.0,120.0,410,470,440,500
SL-C,0.25,2.0,1.0,2.0,0.775,0.0,500,0,500,560,60.0,90.0,120.0,410,470,440,500
SL-C,0.25,2.0,1.0,2.0,0.775,400.0,500,0,500,560,60.0,90.0,120.0,410,470,440,500
SL-C,0.25,2.0,1.0,2.0,0.85,0.0,500,0,500,560,60.0,90.0,120.0,410,470,440,500
SL-C,0.25,2.0,1.0,2.0,0.85,400.0,500,0,500,560,60.0,90.0,120.0,410,470,440,500
SL-C,0.25,3.0,0.5,1.2,0.7,0.0,375,350,375,435,60.0,90.0,120.0,285,345,315,375
SL-C,0.25,3.0,0.5,1.2,0.7,400.0,375,350,375,435,60.0,90.0,120.0,285,345,315,375
SL-C,0.25,3.0,0.5,1.2,0.775,0.0,375,350,375,435,60.0,90.0,120.0,285,345,315,375
SL-C,0.25,3.0,0.5,1.2,0.775,400.0,375,350,375,435,60.0,90.0,120.0,285,345,315,375
SL-C,0.25,3.0,0.5,1.2,0.85,0.0,375,350,375,435,60.0,90.0,120.0,285,345,315,375
SL-C,0.25,3.0,0.5,1.2,0.85,400.0,375,350,375,435,60.0,90.0,120.0,285,345,315,375
SL-C,0.25,3.0,0.5,1.75,0.7,0.0,375,338,375,435,60.0,90.0,120.0,285,345,315,375
SL-C,0.25,3.0,0.5,1.75,0.7,400.0,375,338,375,435,60.0,90.0,120.0,285,345,315,375
SL-C,0.25,3.0,0.5,1.75,0.775,0.0,375,338,375,435,60.0,90.0,120.0,285,345,315,375
SL-C,0.25,3.0,0.5,1.75,0.775,400.0,375,338,375,435,60.0,90.0,120.0,285,345,315,375
SL-C,0.25,3.0,0.5,1.75,0.85,0.0,375,338,375,435,60.0,90.0,120.0,285,345,315,375
SL-C,0.25,3.0,0.5,1.75,0.85,400.0,375,338,375,435,60.0,90.0,120.0,285,345,315,375
SL-C,0.25,3.0,0.5,2.0,0.7,0.0,375,332,375,435,60.0,90.0,120.0,285,345,315,375
SL-C,0.25,3.0,0.5,2.0,0.7,400.0,375,332,375,435,60.0,90.0,120.0,285,345,315,375
SL-C,0.25,3.0,0.5,2.0,0.775,0.0,375,332,375,435,60.0,90.0,120.0,285,345,315,375
SL-C,0.25,3.0,0.5,2.0,0.775,400.0,375,332,375,435,60.0,90.0,120.0,285,345,315,375
SL-C,0.25,3.0,0.5,2.0,0.85,0.0,375,332,375,435,60.0,90.0,120.0,285,345,315,375
SL-C,0.25,3.0,0.5,2.0,0.85,400.0,375,332,375,435,60.0,90.0,120.0,285,345,315,375
SL-C,0.25,3.0,0.75,1.2,0.7,0.0,562,162,562,622,60.0,90.0,120.0,472,532,502,562
SL-C,0.25,3.0,0.75,1.2,0.7,400.0,440,162,440,500,60.0,90.0,120.0,350,410,380,440
SL-C,0.25,3.0,0.75,1.2,0.775,0.0,562,162,562,622,60.0,90.0,120.0,472,532,502,562
SL-C,0.25,3.0,0.75,1.2,0.775,400.0,530,162,530,590,60.0,90.0,120.0,440,500,470,530
SL-C,0.25,3.0,0.75,1.2,0.85,0.0,562,162,562,622,60.0,90.0,120.0,472,532,502,562
SL-C,0.25,3.0,0.75,1.2,0.85,400.0,562,162,562,622,60.0,90.0,120.0,472,532,502,562
SL-C,0.25,3.0,0.75,1.75,0.7,0.0,562,150,562,622,60.0,90.0,120.0,472,532,502,562
SL-C,0.25,3.0,0.75,1.75,0.7,400.0,562,150,562,622,60.0,90.0,120.0,472,532,502,562
SL-C,0.25,3.0,0.75,1.75,0.775,0.0,562,150,562,622,60.0,90.0,120.0,472,532,502,562
SL-C,0.25,3.0,0.75,1.75,0.775,400.0,562,150,562,622,60.0,90.0,120.0,472,532,502,562
SL-C,0.25,3.0,0.75,1.75,0.85,0.0,562,150,562,622,60.0,90.0,120.0,472,532,502,562
SL-C,0.25,3.0,0.75,1.75,0.85,400.0,562,150,562,622,60.0,90.0,120.0,472,532,502,562
SL-C,0.25,3.0,0.75,2.0,0.7,0.0,562,145,562,622,60.0,90.0,120.0,472,532,502,562
SL-C,0.25,3.0,0.75,2.0,0.7,400.0,562,145,562,622,60.0,90.0,120.0,472,532,502,562
SL-C,0.25,3.0,0.75,2.0,0.775,0.0,562,145,562,622,60.0,90.0,120.0,472,532,502,562
SL-C,0.25,3.0,0.75,2.0,0.775,400.0,562,145,562,622,60.0,90.0,120.0,472,532,502,562
SL-C,0.25,3.0,0.75,2.0,0.85,0.0,562,145,562,622,60.0,90.0,120.0,472,532,502,562
SL-C,0.25,3.0,0.75,2.0,0.85,400.0,562,145,562,622,60.0,90.0,120.0,472,532,502,562
SL-C,0.25,3.0,1.0,1.2,0.7,0.0,750,0,750,810,60.0,90.0,120.0,660,720,690,750
SL-C,0.25,3.0,1.0,1.2,0.7,400.0,440,0,440,500,60.0,90.0,120.0,350,410,380,440
SL-C,0.25,3.0,1.0,1.2,0.775,0.0,750,0,750,810,60.0,90.0,120.0,660,720,690,750
SL-C,0.25,3.0,1.0,1.2,0.775,400.0,530,0,530,590,60.0,90.0,120.0,440,500,470,530
SL-C,0.25,3.0,1.0,1.2,0.85,0.0,750,0,750,810,60.0,90.0,120.0,660,720,690,750
SL-C,0.25,3.0,1.0,1.2,0.85,400.0,620,0,620,680,60.0,90.0,120.0,530,590,560,620
SL-C,0.25,3.0,1.0,1.75,0.7,0.0,750,0,750,810,60.0,90.0,120.0,660,720,690,750
SL-C,0.25,3.0,1.0,1.75,0.7,400.0,750,0,750,810,60.0,90.0,120.0,660,720,690,750
SL-C,0.25,3.0,1.0,1.75,0.775,0.0,750,0,750,810,60.0,90.0,120.0,660,720,690,750
SL-C,0.25,3.0,1.0,1.75,0.775,400.0,750,0,750,810,60.0,90.0,120.0,660,720,690,750
SL-C,0.25,3.0,1.0,1.75,0.85,0.0,750,0,750,810,60.0,90.0,120.0,660,720,690,750
SL-C,0.25,3.0,1.0,1.75,0.85,400.0,750,0,750,810,60.0,90.0,120.0,660,720,690,750
SL-C,0.25,3.0,1.0,2.0,0.7,0.0,750,0,750,810,60.0,90.0,120.0,660,720,690,750
SL-C,0.25,3.0,1.0,2.0,0.7,400.0,750,0,750,810,60.0,90.0,120.0,660,720,690,750
SL-C,0.25,3.0,1.0,2.0,0.775,0.0,750,0,750,810,60.0,90.0,120.0,660,720,690,750
SL-C,0.25,3.0,1.0,2.0,0.775,400.0,750,0,750,810,60.0,90.0,120.0,660,720,690,750
SL-C,0.25,3.0,1.0,2.0,0.85,0.0,750,0,750,810,60.0,90.0,120.0,660,720,690,750
SL-C,0.25,3.0,1.0,2.0,0.85,400.0,750,0,750,810,60.0,90.0,120.0,660,720,690,750
SL-C,0.25,4.0,0.5,1.2,0.7,0.0,500,474,500,560,60.0,90.0,120.0,410,470,440,500
SL-C,0.25,4.0,0.5,1.2,0.7,400.0,440,474,474,534,60.0,90.0,120.0,384,444,414,474
SL-C,0.25,4.0,0.5,1.2,0.775,0.0,500,474,500,560,60.0,90.0,120.0,410,470,440,500
SL-C,0.25,4.0,0.5,1.2,0.775,400.0,500,474,500,560,60.0,90.0,120.0,410,470,440,500
SL-C,0.25,4.0,0.5,1.2,0.85,0.0,500,474,500,560,60.0,90.0,120.0,410,470,440,500
SL-C,0.25,4.0,0.5,1.2,0.85,400.0,500,474,500,560,60.0,90.0,120.0,410,470,440,500
SL-C,0.25,4.0,0.5,1.75,0.7,0.0,500,463,500,560,60.0,90.0,120.0,410,470,440,500
SL-C,0.25,4.0,0.5,1.75,0.7,400.0,500,463,500,560,60.0,90.0,120.0,410,470,440,500
SL-C,0.25,4.0,0.5,1.75,0.775,0.0,500,463,500,560,60.0,90.0,120.0,410,470,440,500
SL-C,0.25,4.0,0.5,1.75,0.775,400.0,500,463,500,560,60.0,90.0,120.0,410,470,440,500
SL-C,0.25,4.0,0.5,1.75,0.85,0.0,500,463,500,560,60.0,90.0,120.0,410,470,440,500
SL-C,0.25,4.0,0.5,1.75,0.85,400.0,500,463,500,560,60.0,90.0,120.0,410,470,440,500
SL-C,0.25,4.0,0.5,2.0,0.7,0.0,500,458,500,560,60.0,90.0,120.0,410,470,440,500
SL-C,0.25,4.0,0.5,2.0,0.7,400.0,500,458,500,560,60.0,90.0,120.0,410,470,440,500
SL-C,0.25,4.0,0.5,2.0,0.775,0.0,500,458,500,560,60.0,90.0,120.0,410,470,440,500
SL-C,0.25,4.0,0.5,2.0,0.775,400.0,500,458,500,560,60.0,90.0,120.0,410,470,440,500
SL-C,0.25,4.0,0.5,2.0,0.85,0.0,500,458,500,560,60.0,90.0,120.0,410,470,440,500
SL-C,0.25,4.0,0.5,2.0,0.85,400.0,500,458,500,560,60.0,90.0,120.0,410,470,440,500
SL-C,0.25,4.0,0.75,1.2,0.7,0.0,750,224,750,810,60.0,90.0,120.0,660,720,690,750
SL-C,0.25,4.0,0.75,1.2,0.7,400.0,440,224,440,500,60.0,90.0,120.0,350,410,380,440
SL-C,0.25,4.0,0.75,1.2,0.775,0.0,750,224,750,810,60.0,90.0,120.0,660,720,690,750
SL-C,0.25,4.0,0.75,1.2,0.775,400.0,530,224,530,590,60.0,90.0,120.0,440,500,470,530
SL-C,0.25,4.0,0.75,1.2,0.85,0.0,750,224,750,810,60.0,90.0,120.0,660,720,690,750
SL-C,0.25,4.0,0.75,1.2,0.85,400.0,620,224,620,680,60.0,90.0,120.0,530,590,560,620
SL-C,0.25,4.0,0.75,1.75,0.7,0.0,750,213,750,810,60.0,90.0,120.0,660,720,690,750
SL-C,0.25,4.0,0.75,1.75,0.7,400.0,750,213,750,810,60.0,90.0,120.0,660,720,690,750
SL-C,0.25,4.0,0.75,1.75,0.775,0.0,750,213,750,810,60.0,90.0,120.0,660,720,690,750
SL-C,0.25,4.0,0.75,1.75,0.775,400.0,750,213,750,810,60.0,90.0,120.0,660,720,690,750
SL-C,0.25,4.0,0.75,1.75,0.85,0.0,750,213,750,810,60.0,90.0,120.0,660,720,690,750
SL-C,0.25,4.0,0.75,1.75,0.85,400.0,750,213,750,810,60.0,90.0,120.0,660,720,690,750
SL-C,0.25,4.0,0.75,2.0,0.7,0.0,750,208,750,810,60.0,90.0,120.0,660,720,690,750
SL-C,0.25,4.0,0.75,2.0,0.7,400.0,750,208,750,810,60.0,90.0,120.0,660,720,690,750
SL-C,0.25,4.0,0.75,2.0,0.775,0.0,750,208,750,810,60.0,90.0,120.0,660,720,690,750
SL-C,0.25,4.0,0.75,2.0,0.775,400.0,750,208,750,810,60.0,90.0,120.0,660,720,690,750
SL-C,0.25,4.0,0.75,2.0,0.85,0.0,750,208,750,810,60.0,90.0,120.0,660,720,690,750
SL-C,0.25,4.0,0.75,2.0,0.85,400.0,750,208,750,810,60.0,90.0,120.0,660,720,690,750
SL-C,0.25,4.0,1.0,1.2,0.7,0.0,840,0,840,900,60.0,90.0,120.0,750,810,780,840
SL-C,0.25,4.0,1.0,1.2,0.7,400.0,440,0,440,500,60.0,90.0,120.0,350,410,380,440
SL-C,0.25,4.0,1.0,1.2,0.775,0.0,930,0,930,990,60.0,90.0,120.0,840,900,870,930
SL-C,0.25,4.0,1.0,1.2,0.775,400.0,530,0,530,590,60.0,90.0,120.0,440,500,470,530
SL-C,0.25,4.0,1.0,1.2,0.85,0.0,1000,0,1000,1060,60.0,90.0,120.0,910,970,940,1000
SL-C,0.25,4.0,1.0,1.2,0.85,400.0,620,0,620,680,60.0,90.0,120.0,530,590,560,620
SL-C,0.25,4.0,1.0,1.75,0.7,0.0,1000,0,1000,1060,60.0,90.0,120.0,910,970,940,1000
SL-C,0.25,4.0,1.0,1.75,0.7,400.0,825,0,825,885,60.0,90.0,120.0,735,795,765,825
SL-C,0.25,4.0,1.0,1.75,0.775,0.0,1000,0,1000,1060,60.0,90.0,120.0,910,970,940,1000
SL-C,0.25,4.0,1.0,1.75,0.775,400.0,956,0,956,1016,60.0,90.0,120.0,866,926,896,956
SL-C,0.25,4.0,1.0,1.75,0.85,0.0,1000,0,1000,1060,60.0,90.0,120.0,910,970,940,1000
SL-C,0.25,4.0,1.0,1.75,0.85,400.0,1000,0,1000,1060,60.0,90.0,120.0,910,970,940,1000
SL-C,0.25,4.0,1.0,2.0,0.7,0.0,1000,0,1000,1060,60.0,90.0,120.0,910,970,940,1000
SL-C,0.25,4.0,1.0,2.0,0.7,400.0,1000,0,1000,1060,60.0,90.0,120.0,910,970,940,1000
SL-C,0.25,4.0,1.0,2.0,0.775,0.0,1000,0,1000,1060,60.0,90.0,120.0,910,970,940,1000
SL-C,0.25,4.0,1.0,2.0,0.775,400.0,1000,0,1000,1060,60.0,90.0,120.0,910,970,940,1000
SL-C,0.25,4.0,1.0,2.0,0.85,0.0,1000,0,1000,1060,60.0,90.0,120.0,910,970,940,1000
SL-C,0.25,4.0,1.0,2.0,0.85,400.0,1000,0,1000,1060,60.0,90.0,120.0,910,970,940,1000
