owner_type,diversified_crop,seed_production,pineapple,pasture,flowers_foliage_landscape,banana,aquaculture,tropical_fruits,coffee,papaya,taro,commercial_forestry,macadamia_nuts,crop_acres,ag_use_acres,parcel_acres,ag_district_rated_acres,bc_acres,de_acres,parcels,share_of_rated_ag_land_in_use
federal,456.2,0.5,0.1,0.4,0.6,0.0,223.6,0.0,0.0,0.0,0.0,0.0,0.0,681.0,681.4,41096.4,22773.9,6485.1,16169.7,166,0.03
corporate_ag,1063.6,3312.4,2902.3,4718.8,118.6,0.0,29.0,139.2,79.2,0.0,9.4,0.0,0.0,7653.8,12372.6,25011.8,20958.1,5565.1,11212.9,244,0.59
private_estate_trust,1441.6,1448.5,92.5,6807.2,27.2,305.8,5.8,3.2,0.0,86.2,13.5,0.0,0.0,3424.4,10231.6,30993.1,17515.6,3741.6,8592.8,128,0.584
state,2940.1,77.0,23.0,1210.3,119.5,36.2,1.1,35.6,0.0,0.0,7.0,22.0,1.6,3263.2,4473.5,54260.0,16592.3,6567.3,9024.8,558,0.27
unknown,866.8,1025.3,321.0,1859.6,40.5,0.1,0.0,13.4,88.7,0.0,0.0,0.0,0.0,2355.8,4215.4,11647.1,10467.2,3867.7,4362.0,411,0.403
developer,1059.5,1452.0,74.1,1817.8,0.6,14.6,0.0,6.2,0.0,9.3,0.0,0.0,0.0,2616.3,4434.2,10651.1,5987.9,2562.8,2687.1,121,0.741
individual,725.8,1.8,0.0,298.6,93.8,0.4,0.2,35.8,0.0,0.0,10.2,0.0,0.0,867.9,1166.5,7059.6,5662.0,1613.0,3323.5,2903,0.206
nonprofit,424.4,2.7,0.0,516.0,1.6,0.0,0.0,3.5,0.0,26.6,0.0,0.0,0.0,458.8,974.8,11291.9,4674.0,1750.8,2874.5,206,0.209
corporate_other,537.4,2.3,0.0,403.2,46.7,0.0,25.8,11.0,0.0,40.2,0.0,0.0,0.0,663.3,1066.5,7050.5,4297.6,1310.5,2477.7,380,0.248
dhhl,61.2,0.0,0.0,61.2,2.8,0.0,0.0,0.0,0.0,0.0,0.0,0.0,0.0,64.0,125.3,4257.2,2382.7,55.3,2318.0,935,0.053
county,7.2,3.8,0.0,105.5,0.4,0.0,0.0,0.0,0.0,0.0,0.0,0.0,0.0,11.4,116.9,5612.1,1853.0,497.5,1262.8,198,0.063
utility,5.8,0.2,0.4,0.0,0.0,0.0,0.0,0.0,0.0,0.0,0.0,0.0,0.0,6.4,6.4,1199.8,599.2,353.4,235.6,24,0.011
