year,group,lsb_class,acres
2023,seed_production,A,2352.9
2023,seed_production,B,858.0
2023,seed_production,C,110.3
2023,seed_production,D,32.9
2023,seed_production,E,15.6
2023,seed_production,unrated,8.8
2023,sugar,A,0.3
2023,sugar,B,28.0
2023,sugar,C,5.2
2023,sugar,D,5.1
2023,sugar,E,4.1
2023,sugar,unrated,0.3
2023,diversified_crop,A,3486.9
2023,diversified_crop,B,4804.2
2023,diversified_crop,C,740.0
2023,diversified_crop,D,142.1
2023,diversified_crop,E,691.5
2023,diversified_crop,unrated,128.7
2023,banana,A,363.4
2023,banana,B,151.1
2023,banana,C,21.7
2023,banana,D,3.6
2023,banana,E,27.0
2023,banana,unrated,2.0
2023,coffee,A,195.0
2023,coffee,B,66.5
2023,coffee,C,3.2
2023,coffee,D,2.3
2023,coffee,E,22.1
2023,coffee,unrated,0.5
2023,papaya,A,226.4
2023,papaya,B,71.4
2023,papaya,C,10.9
2023,papaya,D,3.5
2023,papaya,E,18.0
2023,papaya,unrated,16.2
2023,pineapple,A,178.8
2023,pineapple,B,2230.9
2023,pineapple,C,63.4
2023,pineapple,D,1.1
2023,pineapple,E,68.3
2023,pineapple,unrated,2.2
2023,taro,A,41.9
2023,taro,B,137.6
2023,taro,C,87.0
2023,taro,D,37.9
2023,taro,E,31.0
2023,taro,unrated,14.2
2023,macadamia_nuts,A,0.0
2023,macadamia_nuts,B,0.0
2023,macadamia_nuts,C,0.0
2023,macadamia_nuts,D,0.0
2023,macadamia_nuts,E,0.0
2023,macadamia_nuts,unrated,0.0
2023,tropical_fruits,A,465.7
2023,tropical_fruits,B,514.6
2023,tropical_fruits,C,157.4
2023,tropical_fruits,D,161.4
2023,tropical_fruits,E,210.0
2023,tropical_fruits,unrated,32.4
2023,flowers_foliage_landscape,A,0.0
2023,flowers_foliage_landscape,B,0.0
2023,flowers_foliage_landscape,C,0.0
2023,flowers_foliage_landscape,D,0.0
2023,flowers_foliage_landscape,E,0.0
2023,flowers_foliage_landscape,unrated,0.0
2023,commercial_forestry,A,0.0
2023,commercial_forestry,B,0.0
2023,commercial_forestry,C,0.0
2023,commercial_forestry,D,0.0
2023,commercial_forestry,E,0.0
2023,commercial_forestry,unrated,0.0
2023,grassland,A,3770.3
2023,grassland,B,5473.4
2023,grassland,C,2717.0
2023,grassland,D,2193.7
2023,grassland,E,6834.9
2023,grassland,unrated,1037.7
2023,non_ag,A,4022.9
2023,non_ag,B,8839.3
2023,non_ag,C,7785.5
2023,non_ag,D,5883.0
2023,non_ag,E,48689.5
2023,non_ag,unrated,4488.7
2023,background,A,0.0
2023,background,B,0.0
2023,background,C,0.0
2023,background,D,0.0
2023,background,E,0.0
2023,background,unrated,0.0
2024,seed_production,A,2282.0
2024,seed_production,B,816.0
2024,seed_production,C,126.2
2024,seed_production,D,34.1
2024,seed_production,E,22.7
2024,seed_production,unrated,10.8
2024,sugar,A,3.0
2024,sugar,B,45.5
2024,sugar,C,15.4
2024,sugar,D,12.3
2024,sugar,E,9.5
2024,sugar,unrated,0.7
2024,diversified_crop,A,3398.5
2024,diversified_crop,B,5027.7
2024,diversified_crop,C,722.1
2024,diversified_crop,D,147.5
2024,diversified_crop,E,719.7
2024,diversified_crop,unrated,128.2
2024,banana,A,408.0
2024,banana,B,175.7
2024,banana,C,22.2
2024,banana,D,2.9
2024,banana,E,32.0
2024,banana,unrated,3.3
2024,coffee,A,218.6
2024,coffee,B,45.4
2024,coffee,C,1.2
2024,coffee,D,2.5
2024,coffee,E,7.5
2024,coffee,unrated,2.5
2024,papaya,A,207.7
2024,papaya,B,79.3
2024,papaya,C,9.4
2024,papaya,D,3.5
2024,papaya,E,7.8
2024,papaya,unrated,15.4
2024,pineapple,A,167.4
2024,pineapple,B,1916.3
2024,pineapple,C,60.8
2024,pineapple,D,2.4
2024,pineapple,E,52.4
2024,pineapple,unrated,4.8
2024,taro,A,54.5
2024,taro,B,177.1
2024,taro,C,98.1
2024,taro,D,38.6
2024,taro,E,31.2
2024,taro,unrated,13.4
2024,macadamia_nuts,A,0.0
2024,macadamia_nuts,B,0.0
2024,macadamia_nuts,C,0.0
2024,macadamia_nuts,D,0.0
2024,macadamia_nuts,E,0.0
2024,macadamia_nuts,unrated,0.0
2024,tropical_fruits,A,442.5
2024,tropical_fruits,B,549.2
2024,tropical_fruits,C,151.8
2024,tropical_fruits,D,178.5
2024,tropical_fruits,E,223.7
2024,tropical_fruits,unrated,38.0
2024,flowers_foliage_landscape,A,0.0
2024,flowers_foliage_landscape,B,0.0
2024,flowers_foliage_landscape,C,0.0
2024,flowers_foliage_landscape,D,0.0
2024,flowers_foliage_landscape,E,0.0
2024,flowers_foliage_landscape,unrated,0.0
2024,commercial_forestry,A,0.0
2024,commercial_forestry,B,0.0
2024,commercial_forestry,C,0.0
2024,commercial_forestry,D,0.0
2024,commercial_forestry,E,0.0
2024,commercial_forestry,unrated,0.0
2024,grassland,A,3827.2
2024,grassland,B,5439.0
2024,grassland,C,2651.2
2024,grassland,D,2222.6
2024,grassland,E,6786.2
2024,grassland,unrated,1076.6
2024,non_ag,A,4094.9
2024,non_ag,B,8903.9
2024,non_ag,C,7843.4
2024,non_ag,D,5821.5
2024,non_ag,E,48719.5
2024,non_ag,unrated,4437.8
2024,background,A,0.0
2024,background,B,0.0
2024,background,C,0.0
2024,background,D,0.0
2024,background,E,0.0
2024,background,unrated,0.0
2025,seed_production,A,2766.9
2025,seed_production,B,796.3
2025,seed_production,C,124.0
2025,seed_production,D,38.5
2025,seed_production,E,23.1
2025,seed_production,unrated,14.1
2025,sugar,A,0.0
2025,sugar,B,26.1
2025,sugar,C,7.1
2025,sugar,D,7.1
2025,sugar,E,5.0
2025,sugar,unrated,0.0
2025,diversified_crop,A,3309.2
2025,diversified_crop,B,5158.1
2025,diversified_crop,C,738.5
2025,diversified_crop,D,135.9
2025,diversified_crop,E,685.9
2025,diversified_crop,unrated,140.8
2025,banana,A,412.4
2025,banana,B,135.4
2025,banana,C,20.0
2025,banana,D,2.4
2025,banana,E,21.0
2025,banana,unrated,1.2
2025,coffee,A,241.6
2025,coffee,B,124.1
2025,coffee,C,1.3
2025,coffee,D,1.8
2025,coffee,E,12.7
2025,coffee,unrated,1.9
2025,papaya,A,196.5
2025,papaya,B,101.4
2025,papaya,C,8.5
2025,papaya,D,3.7
2025,papaya,E,20.1
2025,papaya,unrated,17.5
2025,pineapple,A,166.9
2025,pineapple,B,2268.1
2025,pineapple,C,62.2
2025,pineapple,D,1.6
2025,pineapple,E,62.5
2025,pineapple,unrated,2.1
2025,taro,A,46.8
2025,taro,B,121.6
2025,taro,C,102.4
2025,taro,D,36.1
2025,taro,E,29.3
2025,taro,unrated,14.9
2025,macadamia_nuts,A,0.0
2025,macadamia_nuts,B,0.0
2025,macadamia_nuts,C,0.0
2025,macadamia_nuts,D,0.0
2025,macadamia_nuts,E,0.0
2025,macadamia_nuts,unrated,0.0
2025,tropical_fruits,A,532.9
2025,tropical_fruits,B,507.8
2025,tropical_fruits,C,136.0
2025,tropical_fruits,D,144.5
2025,tropical_fruits,E,228.8
2025,tropical_fruits,unrated,40.9
2025,flowers_foliage_landscape,A,0.0
2025,flowers_foliage_landscape,B,0.0
2025,flowers_foliage_landscape,C,0.0
2025,flowers_foliage_landscape,D,0.0
2025,flowers_foliage_landscape,E,0.0
2025,flowers_foliage_landscape,unrated,0.0
2025,commercial_forestry,A,0.0
2025,commercial_forestry,B,0.0
2025,commercial_forestry,C,0.0
2025,commercial_forestry,D,0.0
2025,commercial_forestry,E,0.0
2025,commercial_forestry,unrated,0.0
2025,grassland,A,3362.3
2025,grassland,B,5295.9
2025,grassland,C,2639.6
2025,grassland,D,2262.6
2025,grassland,E,6632.8
2025,grassland,unrated,1044.5
2025,non_ag,A,4068.9
2025,non_ag,B,8640.4
2025,non_ag,C,7862.2
2025,non_ag,D,5832.4
2025,non_ag,E,48890.9
2025,non_ag,unrated,4453.7
2025,background,A,0.0
2025,background,B,0.0
2025,background,C,0.0
2025,background,D,0.0
2025,background,E,0.0
2025,background,unrated,0.0
