osm_id,name,mw,operator,acres,lsb_A,lsb_B,lsb_C,lsb_D,lsb_E,slud_A,slud_U,slud_C,slud_R,ag_district_tmks
relation/11815227,Kawailoa Solar,49 MW,"Kawailoa Solar, LLC",284.3,0.0,252.6,30.0,0.0,1.7,284.3,0.0,0.0,0.0,161006001;161005001
relation/19251113,Waiawa Phase 2 Solar + Storage,yes,AES Corporation,271.3,1.2,0.0,0.0,0.0,0.0,0.5,270.8,0.0,0.0,196005013;196004031
relation/11815229,Waipio Solar,45.9 MW,"Waipio PV, LLC",245.4,0.0,243.4,0.1,0.0,2.0,245.4,0.0,0.0,0.0,195003017;195003019;195003018
way/836930787,Eurus Waianae Solar Project,27.6 MW,Eurus Energy America,143.8,0.0,0.0,0.0,0.0,52.0,51.6,92.2,0.0,0.0,185002052;185003030
relation/11501993,Lanikuhana Solar,14.7 MW,Lanikuhana Solar LLC,106.3,0.0,0.0,0.0,61.4,44.9,106.3,0.0,0.0,0.0,194005097;194005091;194005096
way/836931513,West Loch Solar One,20 MW,Hawaiian Electric Company,100.9,0.0,0.0,100.2,0.0,0.6,100.9,0.0,0.0,0.0,191010123;191010122
way/836931515,Waipio Peninsula,11 MW,"Pacific Energy Solutions, LLC",41.4,0.0,7.6,0.4,33.4,0.0,41.4,0.0,0.0,0.0,193002001
way/865515561,Kalaeloa Solar Two,5 MW,Kalaeloa Solar Two LLC,27.4,0.0,0.0,0.0,0.0,0.0,0.0,27.4,0.0,0.0,
way/865515560,Kalaeloa Renewable Energy Park,5 MW,Hanwha Q CELLS USA,19.7,0.0,0.0,0.0,0.0,0.0,0.0,19.7,0.0,0.0,
relation/9081831,Aloha Solar Energy Fund 1 PK1,5 MW,Altus Power America Management,15.9,0.0,0.0,0.0,0.0,15.9,15.9,0.0,0.0,0.0,187010020
relation/11815230,Waihonu North Solar,5 MW,Waihonu North LLC,14.6,0.0,14.6,0.0,0.0,0.0,14.6,0.0,0.0,0.0,195001086
relation/17393660,,yes,,13.3,0.0,11.1,2.0,0.0,0.1,13.3,0.0,0.0,0.0,156005014
way/676139747,Kapolei Solar Energy Park,1 MW,"Altus Power America Management, LLC",7.1,0.0,0.0,0.0,0.0,7.1,0.0,7.1,0.0,0.0,191014035;191014095
relation/15687283,,yes,,5.9,0.0,0.1,0.0,0.0,0.5,0.6,5.3,0.0,0.0,155006005;155006032;155005013
relation/15667661,,yes,,5.9,0.0,0.0,0.0,0.0,0.0,0.0,5.9,0.0,0.0,
way/676597465,,yes,,5.6,0.0,0.0,0.0,0.0,0.0,0.0,5.6,0.0,0.0,
way/865515553,Waihonu South Solar,1.5 MW,Waihonu South LLC,5.5,0.0,5.5,0.0,0.0,0.0,5.5,0.0,0.0,0.0,195001087
way/836930780,,1.5 MW,,4.9,0.0,0.0,0.0,0.0,4.2,4.9,0.0,0.0,0.0,187010010;187010006;187019002
way/836930790,,yes,,4.1,0.0,0.0,0.0,0.0,0.0,0.0,4.1,0.0,0.0,
relation/18300741,Pearl City Peninsula Solar Park,1 MW,Forest City Sustainable Resources Pearl City LLC,3.5,0.0,0.0,0.0,0.0,0.0,0.0,3.5,0.0,0.0,
way/836930795,,yes,,3.2,0.0,3.2,0.0,0.0,0.0,3.2,0.0,0.0,0.0,186005001;186005009;186005002
way/836926702,,0.75 MW,,2.4,0.0,0.0,2.4,0.0,0.0,2.4,0.0,0.0,0.0,158002004
way/836926293,,0.75 MW,AES,2.4,0.0,0.5,1.7,0.0,0.1,2.4,0.0,0.0,0.0,156005029
way/836927117,,0.7 MW,,2.4,0.0,0.0,0.0,0.8,1.5,2.4,0.0,0.0,0.0,161005020;161005026
way/836930785,,yes,,2.2,0.0,0.0,0.0,0.0,2.2,2.2,0.0,0.0,0.0,186006003;186006002
way/910985539,,yes,,2.1,0.0,0.0,0.0,0.0,0.0,2.0,0.1,0.0,0.0,185003011;185003030
way/836930781,,yes,,2.1,0.0,0.0,0.0,0.0,2.1,2.1,0.0,0.0,0.0,187021046;187021007;187021045
way/836930786,,yes,,2.1,0.0,0.0,0.0,0.0,2.1,2.1,0.0,0.0,0.0,186013004
way/836927353,,0.7 MW,,2.0,0.0,2.0,0.0,0.0,0.0,2.0,0.0,0.0,0.0,165001033
way/836930792,,yes,,2.0,0.0,0.0,0.0,0.0,0.0,0.0,2.0,0.0,0.0,
way/836930789,,yes,,1.9,0.0,0.0,0.0,0.0,0.0,0.0,1.9,0.0,0.0,
way/910999126,,yes,,1.9,0.0,0.0,0.0,0.0,0.3,1.9,0.0,0.0,0.0,187003031;187003002
way/910999127,,yes,,1.8,0.0,0.0,0.0,0.0,1.8,1.8,0.0,0.0,0.0,187003030
way/910985538,,yes,,1.8,0.1,0.0,0.0,0.0,0.0,1.8,0.0,0.0,0.0,185019009
way/836930793,,yes,,1.8,0.0,0.0,0.0,0.0,1.8,1.8,0.0,0.0,0.0,186008012;186008005;186008015;186008019
way/836930782,,yes,,1.8,0.0,0.0,0.0,0.0,1.7,1.8,0.0,0.0,0.0,187019011
way/1009689780,,yes,,1.6,0.0,0.0,0.0,0.0,0.0,0.0,1.6,0.0,0.0,
way/836930794,,yes,,1.6,0.0,1.1,0.0,0.0,0.5,1.6,0.0,0.0,0.0,186005007
way/836930784,,yes,,1.5,0.0,0.0,0.0,0.0,0.0,1.5,0.0,0.0,0.0,187018017
way/910999125,,yes,,1.5,0.0,0.0,0.0,0.0,1.5,1.5,0.0,0.0,0.0,186009007;186009006
way/907276833,,yes,,1.5,0.0,0.7,0.8,0.0,0.0,1.5,0.0,0.0,0.0,192005023;192005028
way/1416004690,,yes,,1.4,0.0,0.0,0.0,0.0,1.4,1.4,0.0,0.0,0.0,185004071
way/1416004689,,yes,,1.4,0.0,0.0,0.0,0.0,1.4,1.4,0.0,0.0,0.0,185004072;185004071
way/836930783,,yes,,1.0,0.0,0.0,0.0,0.0,0.0,1.0,0.0,0.0,0.0,
way/836930791,,yes,,0.7,0.0,0.0,0.0,0.0,0.0,0.0,0.7,0.0,0.0,
way/1218051634,,yes,,0.3,0.0,0.0,0.0,0.0,0.3,0.0,0.0,0.3,0.0,
way/1497790123,,yes,,0.1,0.0,0.0,0.0,0.0,0.0,0.0,0.1,0.0,0.0,
