tmk,parcel_cells_acres,hcdl_crop_2023,hcdl_grass_2023,hcdl_corn_2023,hcdl_crop_2024,hcdl_grass_2024,hcdl_corn_2024,hcdl_crop_2025,hcdl_grass_2025,hcdl_corn_2025,hcdl_crop_all3,hcdl_crop_any,hdoa2020_crop,hdoa2020_pasture,hdoa_crop_x_hcdl_noncrop3,hdoa_unmapped_x_hcdl_crop3,parcel_acres,b_acres,c_acres,d_acres,e_acres,owner_resolved,owner_type,lon,lat,loss_cells_grass_2024,loss_cells_nonag_2024,loss_cells_developed_barren_2024,loss_cells_forest_shrub_2024,gain_cells_other_crops_2024,candidate_type,candidate_acres,verification_status,verification_note
192005022,2398.7,760.02,913.1,519.49,792.12,884.49,498.58,768.13,902.48,532.17,621.64,941.32,1508.38,0.0,680.87,49.15,2398.56,1062.29,486.48,371.74,472.02,Island Palm Communities LLC (Army housing PPP / Lendlease),developer,-158.06,21.46,573.11,107.76,5.29,98.3,14.85,hdoa_crop_now_noncrop_3yr,680.87,UNVERIFIED,
168007002,912.86,485.14,288.64,339.65,505.6,234.65,358.33,441.8,313.28,311.01,398.31,561.1,802.55,47.0,261.61,5.83,912.82,407.79,24.46,20.02,79.6,Corteva Agriscience (Pioneer Hi-Bred),corporate_ag,-158.15,21.57,160.64,100.97,0.0,100.97,5.31,hdoa_crop_now_noncrop_3yr,261.61,UNVERIFIED,
192001020,1688.57,784.07,729.75,691.65,978.44,526.19,750.38,1031.49,467.57,903.76,725.08,1079.36,1265.5,0.0,244.31,16.9,1688.84,278.19,1.76,29.77,191.79,Bayer (ex-Monsanto),corporate_ag,-158.05,21.4,167.54,76.78,28.34,46.7,7.09,hdoa_crop_now_noncrop_3yr,244.31,UNVERIFIED,
165005004,669.11,222.37,289.11,1.19,183.4,331.24,0.0,202.01,318.07,1.51,165.02,250.37,409.23,0.0,212.49,20.68,669.27,68.34,2.96,9.73,163.04,,,-158.08,21.55,210.36,2.13,0.4,1.73,1.83,hdoa_crop_now_noncrop_3yr,212.49,UNVERIFIED,
164001014,1226.19,126.91,493.54,12.43,114.01,515.78,25.16,155.48,441.87,10.77,32.42,255.24,359.34,0.17,205.0,9.91,1226.06,114.04,8.05,5.84,551.03,Laukiha'a ag CPR (multiple unit owners; developed by Pomaika'i Partners LLC),unknown,-158.08,21.57,185.7,19.3,7.66,11.64,4.47,hdoa_crop_now_noncrop_3yr,205.0,UNVERIFIED,
161005001,1491.23,95.21,467.28,45.59,83.69,443.73,8.11,142.28,405.23,96.15,33.9,189.26,370.49,608.77,199.93,0.64,1490.92,240.88,3.64,0.0,353.34,Kamehameha Schools (B.P. Bishop Estate),private_estate_trust,-158.07,21.62,161.04,38.89,0.84,38.05,0.57,hdoa_crop_now_noncrop_3yr,199.93,UNVERIFIED,
192002007,844.01,3.09,683.96,1.04,2.15,593.05,0.27,3.39,664.76,2.3,0.37,6.7,158.91,528.76,156.96,0.0,843.83,148.22,36.23,198.31,232.02,University of Hawaii,state,-158.06,21.38,50.11,106.85,0.35,106.5,0.0,hdoa_crop_now_noncrop_3yr,156.96,UNVERIFIED,
162009001,1426.66,303.77,615.84,149.42,273.15,628.56,106.92,505.01,413.38,299.81,194.45,564.91,644.1,636.99,136.97,7.39,1426.69,210.55,0.0,26.85,88.29,Kamehameha Schools (B.P. Bishop Estate),private_estate_trust,-158.07,21.6,119.97,17.0,0.22,16.78,3.85,hdoa_crop_now_noncrop_3yr,136.97,UNVERIFIED,
162010001,1892.78,371.55,396.48,95.63,336.43,419.96,48.83,520.73,214.09,229.64,242.98,607.9,596.41,0.0,123.16,63.46,1892.22,135.46,0.12,0.41,371.7,Kamehameha Schools (B.P. Bishop Estate),private_estate_trust,-158.07,21.58,106.23,16.93,1.11,13.96,10.65,hdoa_crop_now_noncrop_3yr,123.16,UNVERIFIED,
164003021,478.47,386.32,75.84,2.92,418.94,51.42,1.16,441.33,28.17,0.0,362.01,459.94,281.38,0.0,7.39,119.99,478.34,477.0,1.2,0.0,0.0,Ohana Farm Parcels ag CPR (multiple unit owners),unknown,-158.03,21.54,4.55,2.84,0.49,2.35,117.15,hdoa_unmapped_now_crop_3yr,119.99,UNVERIFIED,
165005003,540.81,250.86,162.52,1.31,188.54,223.8,0.0,188.39,228.2,1.63,147.18,276.54,346.12,0.0,119.2,11.47,540.92,59.93,0.0,0.0,138.58,Dole Food Co Inc,corporate_ag,-158.09,21.56,117.75,1.46,0.12,1.33,5.24,hdoa_crop_now_noncrop_3yr,119.2,UNVERIFIED,
192004013,854.05,249.4,50.09,0.54,216.17,82.34,0.42,191.65,73.84,0.91,114.19,330.48,9.07,0.0,2.67,111.42,853.78,51.73,187.92,250.82,355.3,Kunia Loa Ridge Farmlands (farm-lot association),nonprofit,-158.07,21.43,0.27,2.4,1.83,0.57,5.78,hdoa_unmapped_now_crop_3yr,111.42,UNVERIFIED,
171012001,467.6,447.93,11.89,1.33,436.54,25.3,0.17,450.84,10.3,0.0,426.68,458.58,332.53,0.0,3.78,109.22,467.74,467.74,0.0,0.0,0.0,State of Hawaii (agency unspecified),state,-158.06,21.51,1.26,2.52,0.67,0.17,84.41,hdoa_unmapped_now_crop_3yr,109.22,UNVERIFIED,
167002042,426.9,308.12,110.8,269.44,296.28,119.67,263.88,283.83,134.4,253.75,267.1,322.97,421.91,0.67,101.66,0.57,426.95,54.1,8.93,0.0,0.38,Corteva Agriscience (Pioneer Hi-Bred),corporate_ag,-158.14,21.56,94.12,7.54,0.27,7.26,0.52,hdoa_crop_now_noncrop_3yr,101.66,UNVERIFIED,
165005008,155.9,22.19,26.17,3.01,21.79,36.62,2.45,36.52,49.25,13.66,7.78,53.99,139.42,0.0,93.68,0.64,155.86,7.95,0.0,0.0,5.0,Dole Food Co Inc,corporate_ag,-158.09,21.57,18.76,74.92,73.42,0.1,0.15,hdoa_crop_now_noncrop_3yr,93.68,UNVERIFIED,
168003009,186.12,124.42,16.95,0.62,110.78,22.29,9.91,111.35,20.29,3.26,90.51,138.7,0.0,5.76,0.0,90.27,186.15,76.62,57.6,0.46,4.68,Kawaihapai Farms I,corporate_ag,-158.18,21.57,0.0,0.0,0.0,0.0,82.85,hdoa_unmapped_now_crop_3yr,90.27,UNVERIFIED,
192004010,427.34,289.01,111.69,75.61,295.64,104.35,56.61,284.1,107.86,54.12,252.84,322.92,402.78,0.0,86.51,3.21,427.43,278.03,102.47,19.87,25.44,Law Tieng's Farm Inc,corporate_ag,-158.06,21.43,77.84,8.67,3.88,4.79,1.71,hdoa_crop_now_noncrop_3yr,86.51,UNVERIFIED,
171001005,239.94,138.21,55.87,0.0,158.39,44.23,0.72,175.15,24.59,3.31,124.86,184.61,46.04,0.0,0.07,81.12,239.75,218.41,0.0,0.0,21.34,State of Hawaii (agency unspecified),state,-158.04,21.51,0.0,0.07,0.07,0.0,80.04,hdoa_unmapped_now_crop_3yr,81.12,UNVERIFIED,
177001001,10052.77,193.53,1151.71,0.17,256.92,1014.39,0.4,246.81,1122.45,0.22,78.18,441.33,2.47,0.37,0.22,76.5,10052.43,443.53,996.06,617.13,2278.69,United States of America,federal,-158.09,21.49,0.02,0.2,0.0,0.2,75.94,hdoa_unmapped_now_crop_3yr,76.5,UNVERIFIED,
165002026,113.87,33.29,1.73,0.0,34.72,1.19,0.0,27.03,0.77,0.0,20.29,41.69,112.31,0.0,71.61,0.64,113.84,113.33,0.0,0.0,0.51,Cedar Grove Hawaii Llc,corporate_other,-158.07,21.51,0.42,71.19,70.47,0.72,0.64,hdoa_crop_now_noncrop_3yr,71.61,UNVERIFIED,
191010122,426.63,98.55,5.41,0.0,94.17,3.83,0.0,95.09,2.55,0.0,88.34,103.98,170.35,0.0,71.59,0.69,426.35,0.0,416.57,0.0,7.3,United States - Navy,federal,-158.0,21.34,0.07,71.51,54.46,17.05,0.67,hdoa_crop_now_noncrop_3yr,71.59,UNVERIFIED,
157001021,468.12,191.23,33.71,5.49,201.84,20.58,9.64,224.03,30.52,1.93,149.6,267.34,294.25,0.0,69.54,5.61,468.06,158.81,17.15,0.0,49.65,North Shore Bay entities,developer,-158.0,21.69,4.62,64.91,1.53,62.54,3.93,hdoa_crop_now_noncrop_3yr,69.54,UNVERIFIED,
192001011,388.92,235.69,69.93,28.29,238.38,62.54,18.11,271.64,37.58,16.48,207.49,286.91,333.05,0.0,60.32,6.75,388.77,48.86,0.0,0.0,29.64,Kunia Heritage Farms ag CPR (multiple unit owners),unknown,-158.04,21.39,19.45,40.87,19.0,21.87,0.72,hdoa_crop_now_noncrop_3yr,60.32,UNVERIFIED,
168006010,333.17,287.04,2.2,47.77,291.68,2.74,68.23,287.36,4.08,51.27,269.25,304.61,260.94,0.0,13.81,53.08,333.17,170.09,0.0,0.0,0.03,Mahiko Farms LLC,corporate_ag,-158.14,21.58,0.57,13.24,10.72,2.52,45.29,hdoa_unmapped_now_crop_3yr,53.08,UNVERIFIED,
192004003,824.74,406.24,331.12,293.46,364.01,374.98,317.23,307.05,441.23,270.53,270.78,447.51,416.0,107.0,52.34,29.65,824.68,220.55,103.9,37.85,124.21,Kunia Section 6 ag CPR (multiple unit owners),unknown,-158.07,21.41,45.17,7.17,4.05,0.84,3.11,hdoa_crop_now_noncrop_3yr,52.34,UNVERIFIED,
168002005,184.34,96.1,58.39,1.14,66.84,84.39,5.36,101.16,60.57,0.84,42.43,132.79,0.0,1.21,0.0,42.43,184.51,64.13,0.35,0.0,17.07,Kaena Farm Corporation,corporate_ag,-158.19,21.57,0.0,0.0,0.0,0.0,36.94,hdoa_unmapped_now_crop_3yr,42.43,UNVERIFIED,
192004009,436.61,102.6,271.67,94.44,106.08,271.42,103.27,104.67,266.97,102.92,77.71,131.48,158.99,97.26,42.33,3.98,436.81,130.56,20.02,16.59,139.1,Bayer (ex-Monsanto),corporate_ag,-158.07,21.39,31.01,11.32,9.22,1.21,0.15,hdoa_crop_now_noncrop_3yr,42.33,UNVERIFIED,
165002005,317.16,189.55,15.49,0.0,190.37,17.32,0.0,194.97,6.99,0.02,173.39,208.33,242.98,0.0,39.69,2.0,317.01,245.22,7.35,0.0,64.44,"Villa Rose LLC (egg farm, Waialua)",corporate_ag,-158.08,21.52,3.16,36.52,32.57,3.95,2.0,hdoa_crop_now_noncrop_3yr,39.69,UNVERIFIED,
156002001,66.27,14.38,29.03,0.0,6.6,56.17,0.0,4.08,60.71,0.0,0.15,22.21,57.33,0.0,36.84,0.1,66.16,49.99,0.0,0.0,0.0,United States - FWS,federal,-157.96,21.68,34.67,2.17,1.31,0.27,0.02,hdoa_crop_now_noncrop_3yr,36.84,UNVERIFIED,
164003022,2701.87,2252.79,18.43,19.62,2041.07,17.94,7.46,2268.16,8.15,0.05,2000.49,2300.65,2260.4,0.0,32.79,30.64,2701.72,2178.14,70.3,21.0,395.66,Dole Food Co Inc,corporate_ag,-158.06,21.54,3.48,29.31,14.51,14.65,4.67,hdoa_crop_now_noncrop_3yr,32.79,UNVERIFIED,
194003007,96.62,38.47,1.78,0.0,44.43,3.68,0.0,53.5,3.09,0.0,31.06,59.38,91.13,0.0,32.69,0.22,96.47,9.25,0.0,0.0,0.3,Southern Turf Hawaii Inc,corporate_ag,-158.03,21.43,1.75,30.94,13.59,17.32,0.0,hdoa_crop_now_noncrop_3yr,32.69,UNVERIFIED,
165005001,345.9,241.59,80.9,209.42,205.67,120.44,187.7,187.06,133.26,184.51,173.67,253.04,259.88,0.0,31.41,1.01,345.91,36.6,0.0,0.0,4.2,Corteva Agriscience (Pioneer Hi-Bred),corporate_ag,-158.1,21.57,28.52,2.89,0.12,2.77,0.62,hdoa_crop_now_noncrop_3yr,31.41,UNVERIFIED,
156005018,226.1,175.67,3.46,0.0,175.0,3.48,0.0,179.0,3.88,0.0,163.04,189.23,213.55,0.0,30.79,3.85,226.24,47.18,0.16,0.0,7.88,State of Hawaii - DLNR,state,-157.96,21.68,1.31,29.48,0.54,28.94,2.59,hdoa_crop_now_noncrop_3yr,30.79,UNVERIFIED,
156002019,283.58,125.23,19.62,0.0,119.67,32.17,0.0,95.51,30.52,0.0,71.09,154.17,153.48,0.0,30.37,5.31,283.76,168.64,0.0,0.0,75.37,United States - FWS,federal,-157.96,21.69,10.03,20.34,4.08,14.78,2.15,hdoa_crop_now_noncrop_3yr,30.37,UNVERIFIED,
187009002,236.73,32.35,87.1,0.0,36.32,82.21,0.0,40.2,87.8,0.0,28.47,42.87,0.0,87.72,0.0,28.0,236.86,19.22,0.0,0.0,149.1,Waianae Community Redevelopment Corp (MA'O Farms-affiliated),nonprofit,-158.14,21.41,0.0,0.0,0.0,0.0,16.36,hdoa_unmapped_now_crop_3yr,28.0,UNVERIFIED,
191017196,121.33,77.0,1.68,0.0,72.82,3.61,0.0,81.47,1.36,0.0,64.52,88.61,107.84,0.0,27.33,4.67,121.57,0.0,0.0,0.0,0.0,D.R. Horton Hawaii,developer,-158.04,21.37,0.67,26.66,25.75,0.91,3.73,hdoa_crop_now_noncrop_3yr,27.33,UNVERIFIED,
156006018,452.6,203.96,3.51,0.0,205.49,6.42,0.0,213.4,5.73,0.0,177.17,236.38,229.07,0.0,26.51,12.26,452.45,254.71,46.51,22.16,101.39,E W Gardner Family Limited Ptp No. 2,individual,-157.95,21.67,0.2,26.32,0.4,25.92,10.8,hdoa_crop_now_noncrop_3yr,26.51,UNVERIFIED,
141026002,59.77,19.32,12.8,0.0,20.78,10.77,0.0,24.56,7.36,0.0,15.0,28.05,54.31,1.11,26.46,0.0,59.74,46.77,7.72,0.0,2.99,State of Hawaii (agency unspecified),state,-157.71,21.33,6.1,20.36,2.35,18.01,0.0,hdoa_crop_now_noncrop_3yr,26.46,UNVERIFIED,
153003001,555.89,42.8,43.22,0.0,34.64,58.14,0.0,35.11,59.33,0.0,17.25,62.62,48.01,8.7,26.32,10.03,556.3,7.74,107.89,40.99,120.16,Kamehameha Schools (B.P. Bishop Estate),private_estate_trust,-157.89,21.57,18.31,8.01,0.69,6.82,1.58,hdoa_crop_now_noncrop_3yr,26.32,UNVERIFIED,
192005023,109.91,22.19,13.71,0.05,12.26,17.5,0.0,13.2,18.78,0.0,5.96,28.27,34.3,0.0,26.19,2.74,110.06,36.05,1.5,7.5,18.92,92-1700 Kunia Road (address placeholder),unknown,-158.06,21.46,11.37,14.83,9.22,5.61,0.91,hdoa_crop_now_noncrop_3yr,26.19,UNVERIFIED,
171012016,26.39,26.27,0.1,0.0,26.07,0.27,0.0,26.39,0.0,0.0,25.95,26.39,0.0,0.0,0.0,25.95,26.2,26.2,0.0,0.0,0.0,State of Hawaii (agency unspecified),state,-158.06,21.51,0.0,0.0,0.0,0.0,21.0,hdoa_unmapped_now_crop_3yr,25.95,UNVERIFIED,
194003002,134.99,89.92,16.33,0.05,86.02,19.13,0.0,87.8,16.88,0.22,66.03,107.44,130.05,0.0,25.7,1.8,135.06,13.02,0.0,0.02,6.78,,,-158.02,21.42,7.59,18.11,11.56,5.58,1.01,hdoa_crop_now_noncrop_3yr,25.7,UNVERIFIED,
155006001,270.38,112.66,11.0,0.0,116.02,13.84,0.0,120.34,9.71,0.0,97.21,135.44,134.82,0.0,25.13,13.17,270.23,197.69,0.0,17.55,29.36,Property Reserve Inc (LDS Church real-estate arm),nonprofit,-157.93,21.63,4.3,20.83,0.74,20.06,6.89,hdoa_crop_now_noncrop_3yr,25.13,UNVERIFIED,
194005097,210.68,40.57,15.0,0.02,29.9,24.36,0.0,43.79,16.93,0.0,21.03,56.98,34.45,0.0,24.27,19.62,210.74,8.4,0.0,85.58,68.13,Oahu Land Holdings Llc,corporate_other,-158.02,21.42,4.23,20.04,19.97,0.07,12.8,hdoa_crop_now_noncrop_3yr,24.27,UNVERIFIED,
195003011,435.2,0.1,0.0,0.0,0.02,0.0,0.0,0.0,0.0,0.0,0.0,0.1,23.87,0.0,23.77,0.0,434.95,9.63,23.43,26.47,258.96,Castle & Cooke Hawaii (Murdock),developer,-157.98,21.47,0.0,23.77,0.0,23.77,0.0,hdoa_crop_now_noncrop_3yr,23.77,UNVERIFIED,
191017200,51.87,7.73,1.46,0.0,5.12,0.37,0.0,3.85,0.27,0.0,1.04,11.54,32.72,0.0,23.65,0.17,51.96,0.0,0.0,0.0,0.0,D.R. Horton Hawaii,developer,-158.03,21.35,0.0,23.65,19.97,1.38,0.0,hdoa_crop_now_noncrop_3yr,23.65,UNVERIFIED,
191017207,128.27,28.19,4.23,0.0,28.22,10.97,0.0,33.88,2.82,0.0,17.37,45.47,53.5,0.0,23.3,2.03,127.81,0.01,0.0,0.0,0.0,D.R. Horton Hawaii,developer,-158.03,21.37,2.72,20.58,14.63,5.96,0.37,hdoa_crop_now_noncrop_3yr,23.3,UNVERIFIED,
194005092,34.35,0.0,1.19,0.0,0.0,2.82,0.0,0.0,1.83,0.0,0.0,0.0,22.54,0.0,22.54,0.0,34.37,0.0,0.0,31.45,2.92,Mililani I Land Holdings LLC,developer,-158.02,21.42,0.0,22.54,22.54,0.0,0.0,hdoa_crop_now_noncrop_3yr,22.54,UNVERIFIED,
165001040,157.73,114.36,38.38,72.3,94.59,55.06,66.42,93.83,55.55,59.16,76.5,124.27,137.81,0.0,22.17,3.11,157.7,9.92,0.0,0.0,0.0,Corteva Agriscience (Pioneer Hi-Bred),corporate_ag,-158.11,21.56,21.2,0.96,0.0,0.96,0.32,hdoa_crop_now_noncrop_3yr,22.17,UNVERIFIED,
168003044,39.04,12.26,19.5,2.47,12.97,18.71,2.32,12.68,19.6,2.37,10.67,14.9,35.88,1.33,21.87,0.49,39.01,21.6,0.0,0.0,0.0,Corteva Agriscience (Pioneer Hi-Bred),corporate_ag,-158.16,21.57,18.04,3.83,0.0,3.83,0.02,hdoa_crop_now_noncrop_3yr,21.87,UNVERIFIED,
191018054,152.07,121.65,5.34,0.02,122.27,3.39,0.02,122.66,6.0,0.4,113.84,129.66,149.94,0.0,21.1,0.3,152.1,0.01,0.0,0.0,0.0,D.R. Horton Hawaii,developer,-158.03,21.38,1.95,19.15,2.42,16.73,0.07,hdoa_crop_now_noncrop_3yr,21.1,UNVERIFIED,
194005096,39.17,0.44,3.04,0.0,0.12,6.92,0.0,0.15,5.88,0.0,0.05,0.47,20.83,0.0,20.83,0.05,39.08,0.0,0.0,24.98,14.1,Mililani I Land Holdings LLC,developer,-158.02,21.42,2.84,17.99,17.96,0.02,0.05,hdoa_crop_now_noncrop_3yr,20.83,UNVERIFIED,
165001056,31.06,1.98,27.13,0.0,2.32,26.12,0.0,0.84,27.8,0.22,0.59,3.06,22.88,0.0,20.81,0.3,31.02,2.27,0.0,0.0,1.52,State of Hawaii - ADC,state,-158.11,21.56,20.61,0.2,0.0,0.2,0.12,hdoa_crop_now_noncrop_3yr,20.81,UNVERIFIED,
165005009,432.85,144.68,53.0,0.0,109.49,74.7,0.0,105.19,76.55,0.0,83.6,162.27,162.84,0.0,20.29,3.71,432.96,45.77,0.0,0.0,237.23,State of Hawaii - ADC,state,-158.1,21.56,9.76,10.53,0.0,10.53,1.58,hdoa_crop_now_noncrop_3yr,20.29,UNVERIFIED,
141026001,59.4,29.85,8.2,0.0,30.99,5.66,0.0,30.47,6.47,0.0,23.23,36.4,55.18,0.0,20.16,0.74,59.22,57.79,0.0,0.01,0.0,State of Hawaii (agency unspecified),state,-157.71,21.34,2.3,17.87,0.72,17.15,0.42,hdoa_crop_now_noncrop_3yr,20.16,UNVERIFIED,
194003001,876.53,532.76,80.95,9.12,537.53,76.65,22.86,542.94,43.42,25.55,503.77,565.3,537.23,0.0,13.02,19.57,876.47,63.43,21.89,34.0,207.43,Robinson family (Robinson Kunia Land LLC),private_estate_trust,-158.04,21.43,3.83,9.19,0.72,5.46,12.58,hdoa_unmapped_now_crop_3yr,19.57,UNVERIFIED,
191018053,86.93,31.75,9.07,0.0,24.83,7.02,0.0,31.01,2.57,0.0,20.66,38.55,38.18,0.0,19.35,7.81,86.65,0.44,0.0,0.0,0.02,D.R. Horton Hawaii,developer,-158.04,21.38,0.07,19.27,7.71,11.56,1.31,hdoa_crop_now_noncrop_3yr,19.35,UNVERIFIED,
191015017,96.62,29.97,5.81,0.0,29.21,9.39,0.0,26.02,15.02,0.0,19.35,37.46,0.0,0.0,0.0,19.35,96.67,0.0,0.0,0.0,0.05,Makaiwa Hills LLC (Kapolei project),developer,-158.1,21.34,0.0,0.0,0.0,0.0,19.35,hdoa_unmapped_now_crop_3yr,19.35,UNVERIFIED,
156002020,78.8,36.5,14.55,0.0,31.06,14.51,0.0,33.21,22.02,0.0,19.22,48.46,0.0,0.0,0.0,19.22,78.86,76.45,0.0,0.0,2.4,United States of America,federal,-157.95,21.69,0.0,0.0,0.0,0.0,17.5,hdoa_unmapped_now_crop_3yr,19.22,UNVERIFIED,
171002004,275.52,2.47,27.26,0.0,0.62,34.08,0.0,2.17,34.62,0.0,0.15,4.5,21.37,0.0,18.58,0.02,275.17,45.3,29.71,0.0,147.08,State of Hawaii - ADC,state,-158.01,21.51,16.78,1.8,0.64,1.16,0.02,hdoa_crop_now_noncrop_3yr,18.58,UNVERIFIED,
161005026,361.79,18.85,61.7,0.0,7.93,59.21,0.02,6.45,56.61,0.1,2.79,23.82,25.06,0.37,18.56,1.19,362.43,0.17,30.26,159.48,164.04,Kamehameha Schools (B.P. Bishop Estate),private_estate_trust,-158.08,21.62,1.24,17.32,4.6,12.13,1.04,hdoa_crop_now_noncrop_3yr,18.56,UNVERIFIED,
191010015,385.39,273.87,11.59,0.0,245.94,14.04,0.0,232.85,7.76,0.0,223.48,283.9,213.5,0.0,1.95,18.31,385.32,134.28,248.01,0.0,2.31,United States - Navy,federal,-158.02,21.35,0.05,1.9,0.37,1.53,18.31,hdoa_unmapped_now_crop_3yr,18.31,UNVERIFIED,
165001047,111.84,57.97,36.37,0.32,49.03,45.79,0.02,56.76,38.13,0.0,39.04,70.23,32.82,0.0,5.83,18.19,111.8,40.33,0.0,0.0,21.62,Kaala Ainalani Estates (subdivision aggregate),unknown,-158.09,21.54,4.32,1.51,0.0,1.51,8.45,hdoa_unmapped_now_crop_3yr,18.19,UNVERIFIED,
164003014,36.3,19.67,2.5,0.0,22.54,3.31,0.0,25.92,1.71,0.0,17.47,27.5,0.2,0.0,0.0,17.27,36.31,29.28,3.73,0.0,0.0,Ori Anuehue Hale Inc,corporate_other,-158.04,21.53,0.0,0.0,0.0,0.0,16.46,hdoa_unmapped_now_crop_3yr,17.27,UNVERIFIED,
171001011,90.17,30.39,10.92,0.0,30.05,16.85,0.0,38.28,14.7,0.0,16.58,47.39,0.0,0.0,0.0,16.58,90.08,44.5,2.31,0.0,11.51,Poamoho Camp (aggregate),unknown,-158.04,21.52,0.0,0.0,0.0,0.0,13.37,hdoa_unmapped_now_crop_3yr,16.58,UNVERIFIED,
194004019,59.45,29.23,0.3,0.0,31.48,1.06,0.0,32.84,0.52,0.0,27.18,34.87,46.46,0.0,15.79,0.64,59.51,8.59,0.39,1.37,6.55,Robinson family (Robinson Kunia Land LLC),private_estate_trust,-158.04,21.43,0.05,15.74,13.74,2.0,0.12,hdoa_crop_now_noncrop_3yr,15.79,UNVERIFIED,
194005069,17.69,0.0,0.0,0.0,0.0,0.0,0.0,0.0,0.0,0.0,0.0,0.0,15.35,0.0,15.35,0.0,17.65,0.0,0.0,9.65,5.43,"Lau,Frederick H Y Tr",individual,-158.02,21.43,0.0,15.35,14.68,0.67,0.0,hdoa_crop_now_noncrop_3yr,15.35,UNVERIFIED,
167002044,155.92,119.94,29.16,96.42,110.43,38.33,84.02,115.05,32.37,94.49,94.79,130.4,141.39,0.4,14.31,0.27,156.04,3.1,0.0,0.0,0.12,Corteva Agriscience (Pioneer Hi-Bred),corporate_ag,-158.13,21.56,12.4,1.9,1.9,0.0,0.22,hdoa_crop_now_noncrop_3yr,14.31,UNVERIFIED,
141008079,50.71,19.82,12.28,0.0,18.68,13.39,0.0,17.3,10.92,0.0,10.55,25.95,36.37,4.72,14.16,0.72,50.44,0.0,12.76,32.89,0.0,DHHL,dhhl,-157.7,21.33,7.34,6.82,2.87,3.95,0.54,hdoa_crop_now_noncrop_3yr,14.16,UNVERIFIED,
166027010,142.04,73.22,11.37,0.0,79.05,19.25,1.46,64.22,18.36,0.1,48.01,95.9,87.75,0.0,13.71,3.83,141.97,34.42,0.0,1.23,0.0,,,-158.12,21.56,2.0,11.71,0.25,11.42,1.01,hdoa_crop_now_noncrop_3yr,13.71,UNVERIFIED,
164003016,520.63,41.29,201.51,0.15,43.79,205.49,0.0,144.09,133.17,3.19,13.59,161.16,0.0,0.0,0.0,13.59,520.97,315.37,0.0,0.0,204.83,State of Hawaii - ADC,state,-158.05,21.55,0.0,0.0,0.0,0.0,10.55,hdoa_unmapped_now_crop_3yr,13.59,UNVERIFIED,
156006006,435.35,68.77,204.43,0.0,80.24,196.52,0.0,73.34,198.33,0.0,45.32,106.06,43.37,318.3,13.37,6.65,435.58,210.64,94.81,13.1,113.98,Property Reserve Inc (LDS Church real-estate arm),nonprofit,-157.94,21.66,8.75,4.62,0.0,4.62,0.37,hdoa_crop_now_noncrop_3yr,13.37,UNVERIFIED,
167002041,63.85,25.13,19.05,19.5,23.94,23.55,17.03,24.02,22.07,20.06,21.18,27.38,39.86,0.0,13.05,0.07,63.88,0.0,0.0,0.0,17.71,Corteva Agriscience (Pioneer Hi-Bred),corporate_ag,-158.12,21.56,7.96,5.09,0.0,5.09,0.02,hdoa_crop_now_noncrop_3yr,13.05,UNVERIFIED,
194012002,486.03,448.55,3.06,0.99,446.72,2.27,2.4,448.92,1.04,5.78,443.21,452.7,458.95,0.0,13.0,5.09,486.35,454.24,25.04,0.0,3.58,State of Hawaii - DLNR,state,-158.04,21.47,0.27,12.73,0.86,5.09,4.82,hdoa_crop_now_noncrop_3yr,13.0,UNVERIFIED,
156005027,26.51,1.24,20.26,0.0,2.5,18.61,0.0,2.59,18.98,0.0,0.2,4.99,17.1,0.0,12.75,0.0,26.49,5.35,12.79,0.0,8.35,Turtle Bay Resort entities,developer,-157.98,21.69,11.44,1.31,0.0,1.31,0.0,hdoa_crop_now_noncrop_3yr,12.75,UNVERIFIED,
194006212,171.39,24.41,1.24,0.0,23.57,2.64,0.05,25.33,2.3,0.2,12.36,38.05,0.0,0.0,0.0,12.36,171.22,0.06,0.0,0.0,0.06,,,-158.0,21.44,0.0,0.0,0.0,0.0,10.58,hdoa_unmapped_now_crop_3yr,12.36,UNVERIFIED,
192005026,1361.08,51.99,87.77,3.19,51.27,92.91,5.73,17.27,106.58,6.92,12.33,71.07,0.15,0.0,0.15,12.33,1361.09,389.26,127.59,225.0,508.13,United States of America,federal,-158.08,21.48,0.0,0.15,0.0,0.15,8.48,hdoa_unmapped_now_crop_3yr,12.33,UNVERIFIED,
156005026,24.69,0.72,7.59,0.0,1.14,6.67,0.0,1.53,2.94,0.0,0.12,2.92,14.33,0.0,12.16,0.12,24.74,13.23,4.5,0.0,7.0,Malama Kahuku Llc,corporate_other,-157.99,21.7,4.79,7.36,0.0,7.36,0.12,hdoa_crop_now_noncrop_3yr,12.16,UNVERIFIED,
165001033,51.18,20.98,12.6,0.0,17.3,17.67,0.0,26.02,12.8,0.0,11.91,30.89,0.25,0.0,0.0,11.79,51.15,17.67,0.0,0.0,2.59,Kaala View Farm Lots #2 (subdivision aggregate),unknown,-158.09,21.54,0.0,0.0,0.0,0.0,1.14,hdoa_unmapped_now_crop_3yr,11.79,UNVERIFIED,
176001001,4985.13,38.7,209.22,0.0,36.08,212.34,0.0,36.03,227.63,0.0,16.43,59.55,11.19,0.0,0.54,11.56,4984.62,566.44,264.69,6.96,405.09,United States of America,federal,-157.97,21.5,0.0,0.54,0.47,0.07,11.17,hdoa_unmapped_now_crop_3yr,11.56,UNVERIFIED,
194002052,159.83,104.6,45.62,1.21,121.11,17.52,0.35,111.82,14.16,0.02,87.82,132.82,106.68,0.0,5.29,11.56,159.54,0.0,0.0,0.0,0.14,Robinson family (Robinson Kunia Land LLC),private_estate_trust,-158.03,21.42,4.2,1.09,0.4,0.69,11.54,hdoa_unmapped_now_crop_3yr,11.56,UNVERIFIED,
153007007,39.86,6.8,14.38,0.0,6.33,14.78,0.0,7.04,14.65,0.0,4.7,8.87,15.02,0.0,11.39,2.47,39.67,16.91,12.96,9.34,0.47,Punaluu Valley Farms,unknown,-157.89,21.57,9.83,1.56,0.0,1.56,0.94,hdoa_crop_now_noncrop_3yr,11.39,UNVERIFIED,
149003043,133.02,0.89,0.0,0.0,0.49,0.2,0.0,0.52,0.05,0.0,0.1,1.33,11.37,0.0,11.32,0.1,133.1,2.17,7.65,3.84,0.96,Kualoa Ranch (Morgan family),corporate_ag,-157.85,21.51,0.0,11.32,0.0,0.12,0.05,hdoa_crop_now_noncrop_3yr,11.32,UNVERIFIED,
187010006,21.08,16.41,0.15,0.0,15.81,0.0,0.0,17.15,0.0,0.0,15.12,17.92,4.13,0.0,0.0,11.02,21.07,0.0,0.0,0.0,19.51,Waianae Community Re-Development Corp,developer,-158.14,21.42,0.0,0.0,0.0,0.0,8.85,hdoa_unmapped_now_crop_3yr,11.02,UNVERIFIED,
191018022,11.14,0.47,0.0,0.0,0.35,0.0,0.0,0.0,0.0,0.0,0.0,0.54,10.7,0.0,10.43,0.0,11.09,0.18,0.0,0.0,0.0,Alana At Ho`Opili,unknown,-158.05,21.37,0.0,10.43,10.43,0.0,0.0,hdoa_crop_now_noncrop_3yr,10.43,UNVERIFIED,
194006182,39.61,14.95,0.02,0.49,15.05,1.06,0.0,15.79,0.25,0.89,10.33,20.51,0.0,0.0,0.0,10.33,39.66,0.0,0.0,0.0,0.0,,,-158.0,21.44,0.0,0.0,0.0,0.0,7.09,hdoa_unmapped_now_crop_3yr,10.33,UNVERIFIED,
186028019,10.85,10.58,0.0,0.0,10.67,0.0,0.0,10.5,0.0,0.0,10.33,10.8,0.0,0.0,0.0,10.33,10.87,10.19,0.0,0.0,0.0,"He,Mengting",individual,-158.16,21.44,0.0,0.0,0.0,0.0,10.33,hdoa_unmapped_now_crop_3yr,10.33,UNVERIFIED,
194004004,560.16,367.82,66.62,7.44,377.48,53.7,8.38,366.31,50.51,3.61,347.78,394.53,366.41,0.0,9.71,10.3,559.84,66.72,1.2,37.96,107.83,Robinson family (Robinson Kunia Land LLC),private_estate_trust,-158.05,21.44,4.52,5.19,0.64,4.55,8.11,hdoa_unmapped_now_crop_3yr,10.3,UNVERIFIED,
153005007,50.06,22.02,19.62,0.0,21.57,19.69,0.0,21.52,18.41,0.0,14.38,29.06,30.74,0.0,10.03,2.62,49.89,36.61,13.08,0.0,0.0,Beckman Capital Holdings Llc,corporate_other,-157.89,21.58,7.66,2.37,0.2,2.17,1.43,hdoa_crop_now_noncrop_3yr,10.03,UNVERIFIED,
165002010,303.15,292.35,2.64,0.0,291.78,1.09,0.0,293.76,0.0,0.0,290.55,294.6,285.21,0.0,1.75,9.69,303.38,293.28,0.0,0.0,10.1,State of Hawaii (agency unspecified),state,-158.06,21.52,0.02,1.73,0.44,0.54,9.66,hdoa_unmapped_now_crop_3yr,9.69,UNVERIFIED,
159031028,16.26,0.05,7.41,0.0,0.05,8.95,0.0,0.2,7.91,0.0,0.05,0.2,9.83,0.0,9.64,0.0,16.28,0.0,16.28,0.0,0.0,Pupukea Investmt Jt Venture,corporate_other,-158.03,21.64,7.14,2.5,0.0,2.5,0.0,hdoa_crop_now_noncrop_3yr,9.64,UNVERIFIED,
155008063,35.53,15.02,2.45,0.0,18.53,1.14,0.0,19.64,0.72,0.0,13.34,21.79,24.49,0.0,9.61,4.79,35.58,16.75,17.61,1.22,0.0,Property Reserve Inc (LDS Church real-estate arm),nonprofit,-157.94,21.65,0.25,9.37,0.4,8.97,3.95,hdoa_crop_now_noncrop_3yr,9.61,UNVERIFIED,
165001011,30.57,14.43,7.73,0.0,12.08,8.97,0.0,9.79,13.81,0.0,5.39,19.6,28.59,0.0,9.56,0.05,30.46,7.22,0.0,0.0,2.28,State of Hawaii (agency unspecified),state,-158.09,21.54,4.77,4.79,0.82,3.98,0.0,hdoa_crop_now_noncrop_3yr,9.56,UNVERIFIED,
171001038,68.84,14.18,12.28,0.0,25.45,7.22,0.0,36.2,5.24,0.0,10.48,40.33,17.57,0.0,5.93,9.32,68.75,66.37,0.0,0.0,2.38,Ali'i Turf Co LLC,corporate_ag,-158.03,21.51,0.05,5.88,3.51,0.0,8.06,hdoa_unmapped_now_crop_3yr,9.32,UNVERIFIED,
191010002,30.84,0.0,0.0,0.0,0.0,0.0,0.0,0.37,0.02,0.0,0.0,0.37,9.29,0.0,9.29,0.0,30.91,30.35,0.52,0.0,0.0,D.R. Horton Hawaii,developer,-158.02,21.35,0.0,9.29,9.27,0.02,0.0,hdoa_crop_now_noncrop_3yr,9.29,UNVERIFIED,
156006058,99.48,65.93,0.79,0.0,64.1,0.74,0.0,62.0,0.35,0.0,55.57,71.02,76.48,1.11,9.14,1.26,99.42,69.9,24.65,1.28,3.23,Property Reserve Inc (LDS Church real-estate arm),nonprofit,-157.95,21.66,0.07,9.07,0.42,8.65,1.09,hdoa_crop_now_noncrop_3yr,9.14,UNVERIFIED,
164004007,225.41,23.03,10.03,0.0,25.6,8.57,0.3,22.91,9.88,0.0,17.05,30.79,30.39,0.0,9.02,2.5,225.3,83.1,9.47,0.0,104.84,Castle & Cooke Hawaii (Murdock),developer,-158.02,21.53,5.24,3.78,0.86,2.89,1.26,hdoa_crop_now_noncrop_3yr,9.02,UNVERIFIED,
167001074,214.96,189.68,9.79,135.61,184.51,5.78,105.29,182.59,11.71,80.28,174.78,195.04,183.28,0.0,2.47,8.77,214.89,79.61,0.0,0.0,0.0,Savio (Peter Savio) entities,developer,-158.13,21.58,0.05,2.42,1.24,1.19,3.36,hdoa_unmapped_now_crop_3yr,8.77,UNVERIFIED,
155006005,203.89,12.78,21.23,0.0,12.75,26.14,0.0,14.95,20.56,0.0,7.59,20.63,15.69,0.0,8.57,2.52,203.73,47.74,4.71,0.0,35.61,BYU-Hawaii (LDS Church),nonprofit,-157.93,21.64,0.2,8.38,8.33,0.05,1.75,hdoa_crop_now_noncrop_3yr,8.57,UNVERIFIED,
156002022,37.93,12.75,8.72,0.0,13.79,7.04,0.0,19.27,5.16,0.0,8.28,22.09,0.0,0.0,0.0,8.28,38.03,32.2,0.0,0.0,5.83,United States of America,federal,-157.95,21.69,0.0,0.0,0.0,0.0,3.78,hdoa_unmapped_now_crop_3yr,8.28,UNVERIFIED,
186028002,45.52,29.95,1.61,0.0,20.31,0.52,0.0,21.4,0.0,0.0,14.85,32.87,6.72,0.0,0.0,8.13,45.4,2.98,0.0,0.0,16.26,DHHL,dhhl,-158.16,21.44,0.0,0.0,0.0,0.0,8.03,hdoa_unmapped_now_crop_3yr,8.13,UNVERIFIED,
164001013,83.1,63.6,1.33,0.0,69.71,1.09,0.0,63.18,2.4,0.0,57.62,73.24,78.85,0.0,7.98,0.69,83.12,6.73,0.0,0.0,1.44,Dole Food Co Inc,corporate_ag,-158.07,21.56,0.07,7.91,0.0,7.91,0.05,hdoa_crop_now_noncrop_3yr,7.98,UNVERIFIED,
191018009,21.79,11.39,1.14,0.0,12.16,0.96,0.0,12.97,1.83,0.0,10.85,13.52,21.4,0.0,7.88,0.0,21.83,0.02,0.0,0.0,0.0,D.R. Horton Hawaii,developer,-158.03,21.38,0.62,7.26,1.93,5.34,0.0,hdoa_crop_now_noncrop_3yr,7.88,UNVERIFIED,
167002007,25.01,16.48,8.45,14.51,16.58,8.15,15.84,16.56,8.25,14.21,15.99,17.17,25.01,0.0,7.83,0.0,24.97,0.0,0.0,0.0,0.0,Corteva Agriscience (Pioneer Hi-Bred),corporate_ag,-158.13,21.56,7.76,0.07,0.0,0.07,0.0,hdoa_crop_now_noncrop_3yr,7.83,UNVERIFIED,
191016179,156.02,104.3,35.53,0.0,112.48,26.59,0.0,115.97,23.1,0.0,101.04,122.32,109.1,0.0,5.81,7.81,156.35,0.0,0.0,0.0,0.0,University of Hawaii,state,-158.06,21.35,2.15,3.66,0.15,3.51,0.1,hdoa_unmapped_now_crop_3yr,7.81,UNVERIFIED,
167001030,72.6,21.25,0.74,0.72,23.18,0.94,1.43,23.01,0.89,1.21,16.31,28.0,16.04,0.0,5.14,7.66,72.86,0.0,0.0,0.0,0.0,Waialua Mill Camp (aggregate),unknown,-158.13,21.57,0.0,5.14,1.56,3.58,7.24,hdoa_unmapped_now_crop_3yr,7.66,UNVERIFIED,
171002034,186.54,16.04,56.22,0.79,20.34,45.64,0.0,37.04,30.32,0.02,7.86,42.6,1.11,0.0,0.1,7.56,186.44,155.11,0.0,0.0,29.97,State of Hawaii (agency unspecified),state,-158.01,21.52,0.1,0.0,0.0,0.0,7.19,hdoa_unmapped_now_crop_3yr,7.56,UNVERIFIED,
186007002,8.25,7.24,0.0,0.0,7.36,0.0,0.0,7.24,0.0,0.0,7.24,7.36,0.0,0.0,0.0,7.24,8.18,7.88,0.0,0.0,0.0,Bibo Farm Llc,corporate_ag,-158.15,21.45,0.0,0.0,0.0,0.0,7.24,hdoa_unmapped_now_crop_3yr,7.24,UNVERIFIED,
153012001,83.69,21.45,2.05,0.0,39.17,3.26,0.0,40.65,2.59,0.0,19.08,46.78,40.08,0.0,6.99,3.58,83.91,60.51,22.01,0.0,0.21,LDS Church,nonprofit,-157.9,21.6,0.02,6.97,0.0,6.97,0.3,hdoa_crop_now_noncrop_3yr,6.99,UNVERIFIED,
165001052,12.65,0.49,10.67,0.0,0.77,10.7,0.0,0.72,10.55,0.0,0.05,1.48,7.17,0.0,6.89,0.05,12.73,0.0,0.0,0.0,0.07,K View Llc,corporate_other,-158.09,21.54,6.55,0.35,0.0,0.35,0.0,hdoa_crop_now_noncrop_3yr,6.89,UNVERIFIED,
191018023,7.78,0.25,0.0,0.0,0.25,0.0,0.0,0.3,0.0,0.0,0.0,0.64,7.34,0.0,6.87,0.0,7.74,0.04,0.0,0.0,0.0,D.R. Horton Hawaii,developer,-158.05,21.37,0.0,6.87,6.87,0.0,0.0,hdoa_crop_now_noncrop_3yr,6.87,UNVERIFIED,
155004019,84.39,36.08,3.29,0.0,41.24,2.35,0.0,38.47,2.94,0.0,32.79,44.33,35.06,0.0,4.27,6.52,84.41,34.03,15.4,24.1,10.22,Property Reserve Inc (LDS Church real-estate arm),nonprofit,-157.94,21.64,0.02,4.25,0.35,3.9,2.0,hdoa_unmapped_now_crop_3yr,6.52,UNVERIFIED,
164003015,10.01,6.77,1.28,0.0,8.13,0.4,0.0,9.24,0.17,0.0,6.47,9.39,0.0,0.0,0.0,6.47,10.0,5.86,4.15,0.0,0.0,Ori Anuehue Hale Inc,corporate_other,-158.04,21.53,0.0,0.0,0.0,0.0,6.3,hdoa_unmapped_now_crop_3yr,6.47,UNVERIFIED,
166012004,69.41,52.41,1.58,14.68,55.97,0.57,5.96,55.08,2.55,0.05,47.02,60.81,48.73,0.0,1.71,6.45,69.48,59.61,0.0,0.0,0.0,Kamehameha Schools (B.P. Bishop Estate),private_estate_trust,-158.11,21.58,0.0,1.71,0.35,1.01,2.97,hdoa_unmapped_now_crop_3yr,6.45,UNVERIFIED,
194012003,77.96,18.01,38.28,0.0,24.07,30.44,0.0,15.3,24.66,0.15,6.42,35.53,0.02,0.0,0.0,6.4,78.3,68.78,1.23,0.0,7.01,State of Hawaii (agency unspecified),state,-158.05,21.48,0.0,0.0,0.0,0.0,4.57,hdoa_unmapped_now_crop_3yr,6.4,UNVERIFIED,
162002001,192.45,30.72,29.88,0.1,39.81,20.29,0.0,30.44,35.98,0.1,6.4,66.45,0.42,0.0,0.35,6.4,192.49,0.44,0.0,46.0,141.18,Kamehameha Schools (B.P. Bishop Estate),private_estate_trust,-158.09,21.6,0.27,0.07,0.0,0.07,4.65,hdoa_unmapped_now_crop_3yr,6.4,UNVERIFIED,
141010081,13.37,0.1,0.0,0.0,0.07,0.0,0.0,0.1,0.0,0.0,0.02,0.17,6.4,0.0,6.23,0.0,13.32,0.0,0.0,0.16,13.16,State of Hawaii (agency unspecified),state,-157.75,21.34,0.0,6.23,0.0,6.23,0.0,hdoa_crop_now_noncrop_3yr,6.23,UNVERIFIED,
185003043,61.31,8.38,0.82,0.0,13.27,0.27,0.0,12.9,0.42,0.0,6.7,16.93,12.38,0.0,6.18,1.63,61.11,5.03,18.63,0.0,35.44,Mountain View Dairy Inc,corporate_ag,-158.18,21.46,0.0,6.18,0.02,6.15,1.58,hdoa_crop_now_noncrop_3yr,6.18,UNVERIFIED,
194172001,479.71,2.22,64.67,0.0,1.48,77.34,0.0,2.27,58.29,0.0,0.47,3.95,8.45,0.0,6.08,0.02,480.1,1.84,0.0,0.0,430.63,Waikele Storage Park CPR (multiple unit owners),unknown,-158.02,21.41,4.35,1.73,0.07,1.66,0.0,hdoa_crop_now_noncrop_3yr,6.08,UNVERIFIED,
141026021,8.15,0.37,2.25,0.0,0.27,2.47,0.0,0.84,1.88,0.0,0.02,1.24,7.26,0.32,6.03,0.0,8.29,4.75,0.64,0.34,1.32,State of Hawaii (agency unspecified),state,-157.71,21.33,1.9,4.13,0.0,4.13,0.0,hdoa_crop_now_noncrop_3yr,6.03,UNVERIFIED,
186006006,11.89,6.5,0.0,0.0,6.94,0.0,0.0,6.67,0.0,0.0,5.86,7.41,0.0,0.0,0.0,5.86,11.9,11.9,0.0,0.0,0.0,Lds Rev Liv Tr,unknown,-158.15,21.44,0.0,0.0,0.0,0.0,5.86,hdoa_unmapped_now_crop_3yr,5.86,UNVERIFIED,
194003003,39.66,25.28,0.05,0.0,24.78,0.62,0.0,25.18,2.47,0.0,18.16,31.75,36.77,0.0,5.83,0.07,39.42,0.0,0.0,0.0,0.58,Robinson family (Robinson Kunia Land LLC),private_estate_trust,-158.03,21.44,0.1,5.73,5.46,0.27,0.07,hdoa_crop_now_noncrop_3yr,5.83,UNVERIFIED,
191018033,6.28,0.07,0.0,0.0,0.0,0.0,0.0,0.0,0.0,0.0,0.0,0.07,5.91,0.0,5.83,0.0,6.32,0.0,0.0,0.0,0.0,D.R. Horton Hawaii,developer,-158.05,21.37,0.0,5.83,5.83,0.0,0.0,hdoa_crop_now_noncrop_3yr,5.83,UNVERIFIED,
167002014,25.16,6.35,3.46,0.0,10.11,2.08,0.0,4.35,4.23,0.0,3.29,10.58,16.21,0.0,5.73,0.0,25.29,0.0,0.0,0.0,0.18,The Kapiko Est Trust,unknown,-158.12,21.56,0.3,5.44,0.07,5.36,0.0,hdoa_crop_now_noncrop_3yr,5.73,UNVERIFIED,
165001010,31.41,12.68,11.19,0.0,9.22,13.99,0.0,14.51,11.81,0.0,5.49,18.68,0.0,0.0,0.0,5.49,31.36,28.83,0.0,0.0,0.04,Kaala View Farm Lots #1,unknown,-158.09,21.54,0.0,0.0,0.0,0.0,1.78,hdoa_unmapped_now_crop_3yr,5.49,UNVERIFIED,
194004012,533.6,440.12,7.86,1.41,436.04,8.5,0.47,433.27,6.05,2.57,426.7,445.31,437.35,0.0,5.14,5.49,533.71,12.75,12.97,2.44,74.15,Robinson family (Robinson Kunia Land LLC),private_estate_trust,-158.04,21.45,0.84,4.3,0.27,4.03,4.97,hdoa_unmapped_now_crop_3yr,5.49,UNVERIFIED,
153007023,143.86,15.27,1.56,0.0,13.34,0.84,0.0,13.24,1.66,0.0,10.18,17.3,15.81,0.0,5.46,3.88,143.8,3.29,34.83,6.24,99.33,Kamehameha Schools (B.P. Bishop Estate),private_estate_trust,-157.9,21.57,0.0,5.46,0.0,5.46,2.4,hdoa_crop_now_noncrop_3yr,5.46,UNVERIFIED,
186006001,12.08,6.38,0.0,0.0,9.39,0.0,0.0,8.53,0.0,0.0,6.1,10.06,0.67,0.0,0.0,5.44,12.16,9.66,0.0,0.0,2.5,City & County of Honolulu,county,-158.15,21.44,0.0,0.0,0.0,0.0,5.26,hdoa_unmapped_now_crop_3yr,5.44,UNVERIFIED,
142010004,80.33,7.46,0.25,0.0,3.93,0.22,0.0,7.34,0.0,0.0,3.41,9.81,9.61,0.0,5.39,0.94,80.32,0.0,5.79,3.2,0.48,State of Hawaii (agency unspecified),state,-157.77,21.35,0.0,5.39,0.0,5.39,0.0,hdoa_crop_now_noncrop_3yr,5.39,UNVERIFIED,
153004018,25.06,13.37,6.2,0.0,11.74,6.0,0.0,11.98,5.86,0.0,9.66,14.68,14.88,0.0,5.36,2.2,25.06,23.72,1.03,0.0,0.0,Kamehameha Schools (B.P. Bishop Estate),private_estate_trust,-157.89,21.58,4.67,0.69,0.0,0.69,0.62,hdoa_crop_now_noncrop_3yr,5.36,UNVERIFIED,
196005011,157.78,5.56,16.46,0.0,5.21,14.11,0.0,8.33,10.13,0.0,3.31,10.28,11.37,0.0,5.26,0.37,157.81,90.69,31.31,0.0,18.58,State of Hawaii (agency unspecified),state,-157.96,21.45,2.84,2.42,0.17,2.25,0.37,hdoa_crop_now_noncrop_3yr,5.26,UNVERIFIED,
185034014,12.78,3.26,4.62,0.0,2.4,0.74,0.0,0.77,3.56,0.0,0.1,4.74,6.57,0.0,5.19,0.1,13.14,0.0,0.0,0.0,13.14,State of Hawaii (agency unspecified),state,-158.17,21.47,0.72,4.47,0.32,4.15,0.0,hdoa_crop_now_noncrop_3yr,5.19,UNVERIFIED,
165001039,107.99,8.82,83.1,0.35,12.68,87.57,0.15,36.65,65.41,0.35,5.16,39.76,0.67,0.0,0.47,5.16,107.93,61.24,0.0,0.0,7.28,,,-158.1,21.55,0.47,0.0,0.0,0.0,0.27,hdoa_unmapped_now_crop_3yr,5.16,UNVERIFIED,
185004004,18.56,9.32,0.02,0.0,8.5,0.02,0.0,9.71,0.0,0.0,6.77,11.37,1.73,0.0,0.0,5.14,18.55,0.0,0.0,0.0,18.55,"Silva,Sandra N Tr",individual,-158.16,21.46,0.0,0.0,0.0,0.0,3.73,hdoa_unmapped_now_crop_3yr,5.14,UNVERIFIED,
156005007,507.38,9.09,321.9,0.0,13.2,319.31,0.0,12.78,321.73,0.0,3.26,24.29,5.63,0.0,5.07,2.99,507.35,309.4,37.22,34.47,121.12,Kahuku Wind Power LLC (IPP wind project),utility,-157.97,21.68,0.57,4.5,0.0,4.5,2.94,hdoa_crop_now_noncrop_3yr,5.07,UNVERIFIED,
