tmk,stratum,candidate_type,candidate_acres,loss_cells_grass_2024,loss_cells_developed_barren_2024,loss_cells_forest_shrub_2024,gain_cells_other_crops_2024,hdoa2020_crop,hcdl_crop_2023,hcdl_crop_2024,hcdl_crop_2025,owner_resolved,lon,lat,google_earth_url,verification_status,verified_by,imagery_dates_checked,finding
192001020,A_crop_to_developed_barren,hdoa_crop_now_noncrop_3yr,244.31,167.54,28.34,46.7,7.09,1265.5,784.07,978.44,1031.49,Bayer (ex-Monsanto),-158.05,21.4,"https://earth.google.com/web/@21.4,-158.05,100a,2000d,35y,0h,0t,0r",UNVERIFIED,,,
165005008,A_crop_to_developed_barren,hdoa_crop_now_noncrop_3yr,93.68,18.76,73.42,0.1,0.15,139.42,22.19,21.79,36.52,Dole Food Co Inc,-158.09,21.57,"https://earth.google.com/web/@21.57,-158.09,100a,2000d,35y,0h,0t,0r",UNVERIFIED,,,
165002026,A_crop_to_developed_barren,hdoa_crop_now_noncrop_3yr,71.61,0.42,70.47,0.72,0.64,112.31,33.29,34.72,27.03,Cedar Grove Hawaii Llc,-158.07,21.51,"https://earth.google.com/web/@21.51,-158.07,100a,2000d,35y,0h,0t,0r",UNVERIFIED,,,
191010122,A_crop_to_developed_barren,hdoa_crop_now_noncrop_3yr,71.59,0.07,54.46,17.05,0.67,170.35,98.55,94.17,95.09,United States - Navy,-158.0,21.34,"https://earth.google.com/web/@21.34,-158.0,100a,2000d,35y,0h,0t,0r",UNVERIFIED,,,
165002005,A_crop_to_developed_barren,hdoa_crop_now_noncrop_3yr,39.69,3.16,32.57,3.95,2.0,242.98,189.55,190.37,194.97,"Villa Rose LLC (egg farm, Waialua)",-158.08,21.52,"https://earth.google.com/web/@21.52,-158.08,100a,2000d,35y,0h,0t,0r",UNVERIFIED,,,
191017196,A_crop_to_developed_barren,hdoa_crop_now_noncrop_3yr,27.33,0.67,25.75,0.91,3.73,107.84,77.0,72.82,81.47,D.R. Horton Hawaii,-158.04,21.37,"https://earth.google.com/web/@21.37,-158.04,100a,2000d,35y,0h,0t,0r",UNVERIFIED,,,
194005092,A_crop_to_developed_barren,hdoa_crop_now_noncrop_3yr,22.54,0.0,22.54,0.0,0.0,22.54,0.0,0.0,0.0,Mililani I Land Holdings LLC,-158.02,21.42,"https://earth.google.com/web/@21.42,-158.02,100a,2000d,35y,0h,0t,0r",UNVERIFIED,,,
192005022,B_crop_to_grass_rotation_or_abandonment,hdoa_crop_now_noncrop_3yr,680.87,573.11,5.29,98.3,14.85,1508.38,760.02,792.12,768.13,Island Palm Communities LLC (Army housing PPP / Lendlease),-158.06,21.46,"https://earth.google.com/web/@21.46,-158.06,100a,2000d,35y,0h,0t,0r",UNVERIFIED,,,
165005004,B_crop_to_grass_rotation_or_abandonment,hdoa_crop_now_noncrop_3yr,212.49,210.36,0.4,1.73,1.83,409.23,222.37,183.4,202.01,,-158.08,21.55,"https://earth.google.com/web/@21.55,-158.08,100a,2000d,35y,0h,0t,0r",UNVERIFIED,,,
164001014,B_crop_to_grass_rotation_or_abandonment,hdoa_crop_now_noncrop_3yr,205.0,185.7,7.66,11.64,4.47,359.34,126.91,114.01,155.48,Laukiha'a ag CPR (multiple unit owners; developed by Pomaika'i Partners LLC),-158.08,21.57,"https://earth.google.com/web/@21.57,-158.08,100a,2000d,35y,0h,0t,0r",UNVERIFIED,,,
161005001,B_crop_to_grass_rotation_or_abandonment,hdoa_crop_now_noncrop_3yr,199.93,161.04,0.84,38.05,0.57,370.49,95.21,83.69,142.28,Kamehameha Schools (B.P. Bishop Estate),-158.07,21.62,"https://earth.google.com/web/@21.62,-158.07,100a,2000d,35y,0h,0t,0r",UNVERIFIED,,,
168007002,B_crop_to_grass_rotation_or_abandonment,hdoa_crop_now_noncrop_3yr,261.61,160.64,0.0,100.97,5.31,802.55,485.14,505.6,441.8,Corteva Agriscience (Pioneer Hi-Bred),-158.15,21.57,"https://earth.google.com/web/@21.57,-158.15,100a,2000d,35y,0h,0t,0r",UNVERIFIED,,,
162009001,B_crop_to_grass_rotation_or_abandonment,hdoa_crop_now_noncrop_3yr,136.97,119.97,0.22,16.78,3.85,644.1,303.77,273.15,505.01,Kamehameha Schools (B.P. Bishop Estate),-158.07,21.6,"https://earth.google.com/web/@21.6,-158.07,100a,2000d,35y,0h,0t,0r",UNVERIFIED,,,
165005003,B_crop_to_grass_rotation_or_abandonment,hdoa_crop_now_noncrop_3yr,119.2,117.75,0.12,1.33,5.24,346.12,250.86,188.54,188.39,Dole Food Co Inc,-158.09,21.56,"https://earth.google.com/web/@21.56,-158.09,100a,2000d,35y,0h,0t,0r",UNVERIFIED,,,
162010001,B_crop_to_grass_rotation_or_abandonment,hdoa_crop_now_noncrop_3yr,123.16,106.23,1.11,13.96,10.65,596.41,371.55,336.43,520.73,Kamehameha Schools (B.P. Bishop Estate),-158.07,21.58,"https://earth.google.com/web/@21.58,-158.07,100a,2000d,35y,0h,0t,0r",UNVERIFIED,,,
167002042,B_crop_to_grass_rotation_or_abandonment,hdoa_crop_now_noncrop_3yr,101.66,94.12,0.27,7.26,0.52,421.91,308.12,296.28,283.83,Corteva Agriscience (Pioneer Hi-Bred),-158.14,21.56,"https://earth.google.com/web/@21.56,-158.14,100a,2000d,35y,0h,0t,0r",UNVERIFIED,,,
164003021,C_unmapped_to_crop_gain_or_commission,hdoa_unmapped_now_crop_3yr,119.99,4.55,0.49,2.35,117.15,281.38,386.32,418.94,441.33,Ohana Farm Parcels ag CPR (multiple unit owners),-158.03,21.54,"https://earth.google.com/web/@21.54,-158.03,100a,2000d,35y,0h,0t,0r",UNVERIFIED,,,
192004013,C_unmapped_to_crop_gain_or_commission,hdoa_unmapped_now_crop_3yr,111.42,0.27,1.83,0.57,5.78,9.07,249.4,216.17,191.65,Kunia Loa Ridge Farmlands (farm-lot association),-158.07,21.43,"https://earth.google.com/web/@21.43,-158.07,100a,2000d,35y,0h,0t,0r",UNVERIFIED,,,
171012001,C_unmapped_to_crop_gain_or_commission,hdoa_unmapped_now_crop_3yr,109.22,1.26,0.67,0.17,84.41,332.53,447.93,436.54,450.84,State of Hawaii (agency unspecified),-158.06,21.51,"https://earth.google.com/web/@21.51,-158.06,100a,2000d,35y,0h,0t,0r",UNVERIFIED,,,
168003009,C_unmapped_to_crop_gain_or_commission,hdoa_unmapped_now_crop_3yr,90.27,0.0,0.0,0.0,82.85,0.0,124.42,110.78,111.35,Kawaihapai Farms I,-158.18,21.57,"https://earth.google.com/web/@21.57,-158.18,100a,2000d,35y,0h,0t,0r",UNVERIFIED,,,
171001005,C_unmapped_to_crop_gain_or_commission,hdoa_unmapped_now_crop_3yr,81.12,0.0,0.07,0.0,80.04,46.04,138.21,158.39,175.15,State of Hawaii (agency unspecified),-158.04,21.51,"https://earth.google.com/web/@21.51,-158.04,100a,2000d,35y,0h,0t,0r",UNVERIFIED,,,
177001001,C_unmapped_to_crop_gain_or_commission,hdoa_unmapped_now_crop_3yr,76.5,0.02,0.0,0.2,75.94,2.47,193.53,256.92,246.81,United States of America,-158.09,21.49,"https://earth.google.com/web/@21.49,-158.09,100a,2000d,35y,0h,0t,0r",UNVERIFIED,,,
168006010,C_unmapped_to_crop_gain_or_commission,hdoa_unmapped_now_crop_3yr,53.08,0.57,10.72,2.52,45.29,260.94,287.04,291.68,287.36,Mahiko Farms LLC,-158.14,21.58,"https://earth.google.com/web/@21.58,-158.14,100a,2000d,35y,0h,0t,0r",UNVERIFIED,,,
168002005,C_unmapped_to_crop_gain_or_commission,hdoa_unmapped_now_crop_3yr,42.43,0.0,0.0,0.0,36.94,0.0,96.1,66.84,101.16,Kaena Farm Corporation,-158.19,21.57,"https://earth.google.com/web/@21.57,-158.19,100a,2000d,35y,0h,0t,0r",UNVERIFIED,,,
187009002,C_unmapped_to_crop_gain_or_commission,hdoa_unmapped_now_crop_3yr,28.0,0.0,0.0,0.0,16.36,0.0,32.35,36.32,40.2,Waianae Community Redevelopment Corp (MA'O Farms-affiliated),-158.14,21.41,"https://earth.google.com/web/@21.41,-158.14,100a,2000d,35y,0h,0t,0r",UNVERIFIED,,,
171012016,C_unmapped_to_crop_gain_or_commission,hdoa_unmapped_now_crop_3yr,25.95,0.0,0.0,0.0,21.0,0.0,26.27,26.07,26.39,State of Hawaii (agency unspecified),-158.06,21.51,"https://earth.google.com/web/@21.51,-158.06,100a,2000d,35y,0h,0t,0r",UNVERIFIED,,,
194003001,C_unmapped_to_crop_gain_or_commission,hdoa_unmapped_now_crop_3yr,19.57,3.83,0.72,5.46,12.58,537.23,532.76,537.53,542.94,Robinson family (Robinson Kunia Land LLC),-158.04,21.43,"https://earth.google.com/web/@21.43,-158.04,100a,2000d,35y,0h,0t,0r",UNVERIFIED,,,
191015017,C_unmapped_to_crop_gain_or_commission,hdoa_unmapped_now_crop_3yr,19.35,0.0,0.0,0.0,19.35,0.0,29.97,29.21,26.02,Makaiwa Hills LLC (Kapolei project),-158.1,21.34,"https://earth.google.com/web/@21.34,-158.1,100a,2000d,35y,0h,0t,0r",UNVERIFIED,,,
