name,acres,hdoa2020_mapped_ac,hcdl_2023_top,hcdl_2024_top,hcdl_2025_top
Eurus Waianae Solar Project,142.6,0.0,Developed 141; Shrubland 1,Developed 141; Shrubland 1,Developed 140; Barren 2
West Loch Solar One,100.9,0.0,Developed 83; Grassland/Pasture 8,Developed 82; Grassland/Pasture 14,Developed 83; Grassland/Pasture 13
Waipio Peninsula,41.6,0.0,Developed 40; Forest 1,Developed 36; Barren 5,Developed 33; Barren 7
Kalaeloa Renewable Energy Park,19.6,0.0,Developed 20; Forest 0,Developed 20; Forest 0,Developed 20; Barren 0
Kalaeloa Solar Two,27.2,0.0,Developed 22; Shrubland 3,Developed 22; Shrubland 4,Developed 24; Shrubland 2
Waiawa Solar Power Hybrid,149.4,47.9,Developed 125; Forest 13,Developed 119; Forest 16,Developed 110; Grassland/Pasture 27
AES West Oahu Solar Hybrid,55.7,55.7,Developed 36; Grassland/Pasture 12,Developed 34; Grassland/Pasture 12,Developed 32; Grassland/Pasture 14
Ho'Ohana Solar 1,139.6,100.1,Other Crops 100; Grassland/Pasture 33,Other Crops 115; Developed 15,Other Crops 108; Developed 17
Aloha Solar Energy Fund 1 PK1,15.7,0.0,Developed 16,Developed 16; Other Crops 0,Developed 16; Other Crops 0
Lanikuhana Solar,104.6,25.4,Developed 82; Grassland/Pasture 10,Developed 82; Grassland/Pasture 16,Developed 82; Grassland/Pasture 10
Kawailoa Solar,283.6,0.7,Developed 211; Grassland/Pasture 68,Developed 212; Grassland/Pasture 65,Developed 211; Grassland/Pasture 64
Waipio Solar,245.3,0.0,Developed 185; Forest 35,Developed 181; Grassland/Pasture 34,Developed 170; Grassland/Pasture 42
Waihonu North Solar,14.8,0.0,Developed 15; Grassland/Pasture 0,Developed 14; Grassland/Pasture 0,Developed 14; Grassland/Pasture 0
relation/17393660,13.2,0.0,Developed 13; Other Crops 0,Developed 13; Forest 0,Developed 13; Forest 0
Mililani South Solar Farm,131.7,42.5,Developed 127; Grassland/Pasture 3,Developed 125; Grassland/Pasture 6,Developed 125; Grassland/Pasture 4
Waiawa Phase 2 Solar + Storage,271.2,271.2,Grassland/Pasture 220; Forest 33,Grassland/Pasture 192; Other Crops 37,Grassland/Pasture 212; Forest 36
