area,reviewer_reason,how_identified,parcels,ag_district_acres,bc_acres,de_acres,de_le15_acres_approx,S0_eligible_acres,S3_eligible_acres,ag_use_2020_acres,parcels_in_bc_selection,bc_selected_acres,median_dist_138kv_km,owners
James Campbell NWR (Kahuku),federal wildlife refuge,owner=United States - FWS,33,830.8,332.8,362.7,358.2,41.8,100.2,223.6,0,0.0,22.4,United States - FWS
Kualoa Regional Park,county park,"owner=City & County of Honolulu bbox=(-157.86, 21.5, -157.82, 21.53)",2,154.6,91.0,55.1,54.8,15.5,30.9,0.0,1,0.7,9.2,City & County of Honolulu
Patsy T. Mink Central Oahu Regional Park,county park,"owner=City & County of Honolulu bbox=(-158.03, 21.42, -157.99, 21.46)",3,15.1,3.8,1.2,1.2,0.4,0.8,0.0,0,0.0,0.1,City & County of Honolulu
Kualoa Ranch (Morgan family),owner's higher-value use (tourism/ranch),owner=Kualoa Ranch,64,3687.3,403.5,1062.6,363.3,103.1,240.7,1202.5,1,9.8,9.6,Kualoa Ranch (Morgan family)
Waikane Valley Impact Area (MCBH parcel),WWII unexploded ordnance (Marine Corps impact area; 2010 munitions-response site), bbox=['148014006'],1,199.8,18.9,29.8,2.6,18.9,18.9,0.0,0,0.0,8.3,United States of America
"Waikane valley floor (non-HHFDC, non-federal)",context: private/City parcels around the impact area,"owner=^(?!State of Hawaii - HHFDC|United States) bbox=(-157.895, 21.485, -157.845, 21.512)",107,1645.2,311.6,434.8,205.6,65.1,154.1,227.0,2,11.8,8.8,"Kualoa Ranch (Morgan family); City & County of Honolulu; Roberts,Rose S; Hoala Aina Kupono"
Waiahole Valley (HHFDC),state farm lots used mostly for homes,owner=HHFDC,93,681.6,208.0,328.4,173.9,48.5,89.7,110.6,0,0.0,6.4,State of Hawaii - HHFDC
"Old Haleiwa airfield (Puaena Point, KS)",de facto public park (WWII fighter strip; KS-owned per Wikipedia)," bbox=['162002031', '162002001', '162001002']",3,238.6,0.4,216.6,199.9,0.4,0.4,0.4,1,0.4,13.7,Kamehameha Schools (B.P. Bishop Estate); City & County of Honolulu
Pupukea-Paumalu Park Reserve (TPL 2007 -> State Parks; Army ACUB buffer),de facto public park: mountain-bike/hiking trail network," bbox=['159005087', '159006018', '159033001', '159003053']",4,714.0,244.0,385.5,120.9,26.2,111.2,0.0,0,0.0,17.2,State of Hawaii (agency unspecified); State of Hawaii - DLNR; City & County of Honolulu
"Kahuku motocross (TMK 158002002, Army-retained lease parcel)","commercial motocross track (21.6782, -158.0178) sits on the Army-retained Kahuku parcel, already a separate map category", bbox=['158002002'],1,451.3,239.0,212.3,108.2,20.0,90.3,0.0,0,0.0,19.5,State of Hawaii (agency unspecified)
"Upper Waianae Mountains (interior, >2 km from 46 kV)","rough terrain, small pads, access, far from grid"," bbox=(-158.21, 21.4, -158.06, 21.6)",1481,24065.4,1570.5,9220.6,3086.1,257.8,666.3,3285.2,10,64.3,11.5,DHHL; State of Hawaii (agency unspecified); Consuelo Zobel Alger Fdn; United States of America
