hdoa_2020,acres,crop_all_3yr,crop_same_class_3yr,crop_any_yr,noncrop_all_3yr,grassland_all_3yr
not_mapped_2020,84649.9,2137.9,1719.9,6572.7,78077.2,8844.4
Diversified Crop,8771.6,6226.6,5601.0,7405.1,1366.5,310.2
Seed Production,7325.5,3229.0,2592.2,5180.3,2145.2,1660.0
Pineapple,3414.2,2445.6,2187.5,2909.2,505.0,353.6
Pasture,14912.1,125.8,104.7,508.5,14403.6,5071.3
Flowers / Foliage / Landscape,447.5,120.6,106.1,231.5,216.0,7.0
Banana,358.1,256.2,191.7,300.1,58.0,20.5
Aquaculture,275.3,90.9,30.2,191.2,84.1,24.9
Tropical Fruits,238.4,157.4,154.6,190.2,48.2,5.9
Coffee,168.1,134.7,128.4,158.7,9.4,0.7
Papaya,162.4,113.1,83.1,140.2,22.2,2.9
Taro,41.3,27.4,26.3,33.7,7.6,0.0
Commercial Forestry,25.7,1.0,1.0,6.0,19.7,15.3
Macadamia Nuts,1.6,0.1,0.0,0.8,0.8,0.5
